Article_number;Stock;Stock_BE;ETA;ETA_Confirmed;Status;Classe_comm;last_update
00124/01/30;0;188;;;;Competitive;22.04.2026
00124/04/30;0;76;;;;Competitive;22.04.2026
00124/14/30;0;102;;;;Competitive;22.04.2026
00126/01/30;11;0;;;Dropped out;;22.04.2026
00127/01/30;0;189;;;;Competitive;22.04.2026
00131/23/30;0;0;;;New Phase 2;Essential;22.04.2026
00131/30/30;0;0;;;New Phase 2;Essential;22.04.2026
00131/40/30;0;41;;;New Phase 2;Essential;22.04.2026
00224/01/30;0;121;;;;Competitive;22.04.2026
00424/01/30;0;107;;;;Competitive;22.04.2026
00424/04/30;0;142;;;;Competitive;22.04.2026
00425/01/30;0;74;;;;Competitive;22.04.2026
00425/04/30;0;119;;;;Competitive;22.04.2026
00425/06/30;0;173;;;;Competitive;22.04.2026
00427/04/30;0;62;;;;Competitive;22.04.2026
00430/04/60;0;72;;;;Essential;22.04.2026
00430/20/60;0;72;;;;Essential;22.04.2026
00430/21/60;0;62;;;;Essential;22.04.2026
00430/28/60;0;72;;;;Essential;22.04.2026
00524/01/30;0;61;;;;Competitive;22.04.2026
00724/03/30;1;45;15/07/2026;08/06/2026;;Competitive;22.04.2026
00726/03/30;0;227;;;;Competitive;22.04.2026
00727/03/30;0;82;;;;Competitive;22.04.2026
00929/01/30;16;0;;;Dropped out;;22.04.2026
00929/02/30;40;0;;;Dropped out;;22.04.2026
00929/13/30;48;0;;;Dropped out;;22.04.2026
01400/38/72;0;46;;;;Neutral;22.04.2026
01402/28/72;0;39;;;;Vibes;22.04.2026
01403/28/70;0;46;;;;Vibes;22.04.2026
02404/01/30;0;500;;;;Competitive;22.04.2026
02405/26/30;1;0;;;Dropped out;;22.04.2026
02807/04/30;0;355;;;;Competitive;22.04.2026
02807/04/31;0;388;;;;Competitive;22.04.2026
03129/42/30;0;59;;;;Competitive;22.04.2026
03147/40/30;0;65;18/08/2026;;;Neutral;22.04.2026
03147/40/38;0;46;01/07/2026;;;Neutral;22.04.2026
03213/01/41;0;74;09/07/2026;;;Competitive;22.04.2026
03229/01/30;0;50;10/06/2026;;;Competitive;22.04.2026
03246/03/30;0;94;;;;Competitive;22.04.2026
03429/03/30;0;80;;;;Competitive;22.04.2026
03429/42/30;0;94;;;;Competitive;22.04.2026
03435/56/72;0;51;;;;Neutral;22.04.2026
03447/03/30;0;48;;;;Neutral;22.04.2026
03447/03/38;0;106;;;;Neutral;22.04.2026
03447/52/30;0;87;;;;Neutral;22.04.2026
03447/52/38;0;115;;;;Neutral;22.04.2026
03450/03/02;0;66;;;;Neutral;22.04.2026
03516/01/30;3;0;;;Dropped out;;22.04.2026
03520/01/62;0;70;29/07/2026;;;Neutral;22.04.2026
03520/01/65;0;56;;;;Neutral;22.04.2026
03525/01/30;0;0;09/07/2026;21/05/2026;;Neutral;22.04.2026
03525/01/41;0;0;01/07/2026;;;Neutral;22.04.2026
03527/01/62;1;0;;;Dropped out;;22.04.2026
03529/81/30;0;39;29/07/2026;;;Competitive;22.04.2026
03530/01/30;1;0;;;Dropped out;;22.04.2026
03531/03/66;1;0;;;Dropped out;;22.04.2026
03546/03/30;0;500;;;;Neutral;22.04.2026
03547/40/30;0;221;;;;Neutral;22.04.2026
03547/40/38;0;36;;;;Neutral;22.04.2026
03548/50/41;0;65;;;;Neutral;22.04.2026
03548/52/41;0;230;;;;Neutral;22.04.2026
03617/01/30;1;68;29/07/2026;;;Competitive;22.04.2026
03649/03/15;0;50;;;;Competitive;22.04.2026
03649/03/96;0;34;29/07/2026;;;Competitive;22.04.2026
03703/10/30;0;53;18/08/2026;;;Competitive;22.04.2026
03703/10/31;0;59;;;;Competitive;22.04.2026
03717/01/30;0;67;;;;Competitive;22.04.2026
03725/01/30;0;62;29/07/2026;;;Neutral;22.04.2026
03725/01/41;0;37;09/07/2026;;;Neutral;22.04.2026
03729/81/30;0;0;;21/05/2026;;Competitive;22.04.2026
03745/24/02;0;143;29/07/2026;21/05/2026;;Competitive;22.04.2026
03745/24/30;0;156;01/07/2026;;;Competitive;22.04.2026
03745/24/31;1;45;09/07/2026;;;Competitive;22.04.2026
03745/25/30;0;107;29/07/2026;;New Phase 2;Essential;22.04.2026
03745/25/41;0;70;29/07/2026;;New Phase 2;Essential;22.04.2026
03746/03/30;0;307;;;;Neutral;22.04.2026
03747/60/30;0;30;18/08/2026;;;Neutral;22.04.2026
03747/60/38;0;80;;;;Neutral;22.04.2026
03749/03/15;0;49;;;;Competitive;22.04.2026
03749/03/96;0;3;10/06/2026;;;Competitive;22.04.2026
03750/81/30;0;47;;;;Neutral;22.04.2026
03751/02/15;0;77;;;;Vibes;22.04.2026
03751/02/96;0;61;;;;Vibes;22.04.2026
03752/21/30;0;77;01/07/2026;;New Phase 2;Essential;22.04.2026
03752/21/41;0;43;01/07/2026;;New Phase 2;Essential;22.04.2026
03843/36/72;0;77;;;;Competitive;22.04.2026
03843/50/30;0;0;;;Liquidation;Competitive;22.04.2026
03843/50/72;0;0;;;Liquidation;Competitive;22.04.2026
03843/80/30;0;0;;;Liquidation;Competitive;22.04.2026
03843/80/72;0;0;;;Liquidation;Competitive;22.04.2026
03844/01/30;0;0;;;Liquidation;Competitive;22.04.2026
03844/01/72;0;155;;;;Competitive;22.04.2026
03845/81/30;0;105;;;;Competitive;22.04.2026
03845/81/72;0;118;;;;Competitive;22.04.2026
04116/06/02;0;154;;;;Competitive;22.04.2026
04116/06/30;0;195;;;;Competitive;22.04.2026
04202/01/30;0;172;;;;Competitive;22.04.2026
04202/02/30;0;93;;;;Competitive;22.04.2026
04203/01/30;0;56;;;;Competitive;22.04.2026
04209/12/30;0;500;;;;Competitive;22.04.2026
04210/08/02;0;10;;;;Competitive;22.04.2026
04210/08/30;0;157;;;;Competitive;22.04.2026
04210/13/02;0;230;;;;Competitive;22.04.2026
04210/13/30;0;74;;;;Competitive;22.04.2026
04211/01/30;0;47;;;;Competitive;22.04.2026
04211/01/31;0;40;;;;Competitive;22.04.2026
04211/01/36;0;51;;;;Competitive;22.04.2026
04212/12/30;0;1;;;;Neutral;22.04.2026
04212/18/30;0;0;16/07/2026;;;Neutral;22.04.2026
04213/10/30;0;38;;;;Neutral;22.04.2026
04215/01/02;0;55;;;;Neutral;22.04.2026
04215/01/30;0;87;;;;Neutral;22.04.2026
05157/45/72;0;0;03/08/2026;12/06/2026;New Phase 2;Essential;22.04.2026
05233/01/30;1;252;;;;Competitive;22.04.2026
05241/01/30;2;0;;;Dropped out;;22.04.2026
05433/02/30;0;500;;;;Competitive;22.04.2026
05446/08/30;0;43;;;;Competitive;22.04.2026
05446/13/30;0;61;;;;Competitive;22.04.2026
05457/03/72;0;0;;12/06/2026;New Phase 2;Essential;22.04.2026
05457/13/72;0;0;01/06/2026;12/06/2026;New Phase 2;Essential;22.04.2026
05457/45/72;0;0;03/08/2026;12/06/2026;New Phase 2;Essential;22.04.2026
05457/60/72;0;0;;12/06/2026;New Phase 2;Essential;22.04.2026
05529/01/30;1;0;;;Dropped out;;22.04.2026
05538/01/02;0;0;;;Liquidation;Neutral;22.04.2026
05539/01/02;0;0;;;Liquidation;Neutral;22.04.2026
05545/06/66;0;97;05/08/2026;;;Competitive;22.04.2026
05545/06/99;0;134;;;;Competitive;22.04.2026
05548/01/61;0;90;;;;Neutral;22.04.2026
05549/01/41;0;100;;;;Neutral;22.04.2026
05549/01/55;0;103;;;;Neutral;22.04.2026
05550/10/61;0;116;;;;Neutral;22.04.2026
05550/20/61;0;129;;;;Neutral;22.04.2026
05551/01/61;0;39;18/08/2026;;;Neutral;22.04.2026
05552/01/61;0;63;;;;Neutral;22.04.2026
05553/81/36;0;162;;;;Competitive;22.04.2026
05553/81/73;0;34;;;;Competitive;22.04.2026
05554/09/02;0;69;;;;Premium;22.04.2026
05555/06/30;0;84;;;;Neutral;22.04.2026
05555/24/30;0;72;;;;Neutral;22.04.2026
05556/81/41;0;47;18/08/2026;;;Neutral;22.04.2026
05730/01/30;0;147;;;;Competitive;22.04.2026
05733/02/30;0;86;;;;Competitive;22.04.2026
05745/14/99;0;114;;;;Competitive;22.04.2026
05747/81/30;0;52;;;;Competitive;22.04.2026
05747/85/30;0;74;;;;Competitive;22.04.2026
05753/81/36;0;0;;;;Competitive;22.04.2026
05753/81/73;0;100;;;;Competitive;22.04.2026
05910/10/30;4;0;;;Dropped out;;22.04.2026
06218/01/30;0;82;;;;Competitive;22.04.2026
06218/01/31;0;242;;;;Competitive;22.04.2026
06424/01/73;0;65;;;;Competitive;22.04.2026
06424/04/73;0;122;;;;Competitive;22.04.2026
06428/01/31;0;56;;;New Phase 2;Essential;22.04.2026
06502/81/31;10;0;;;Dropped out;;22.04.2026
06524/01/73;0;151;;;;Competitive;22.04.2026
06525/81/70;0;67;;;;Neutral;22.04.2026
06526/81/70;0;55;18/08/2026;;;Neutral;22.04.2026
06527/01/33;0;103;;;;Competitive;22.04.2026
06527/01/38;0;50;18/08/2026;;;Competitive;22.04.2026
06527/01/55;0;136;;;;Competitive;22.04.2026
06528/28/31;0;55;;;New Phase 2;Essential;22.04.2026
06528/41/31;0;56;;;New Phase 2;Essential;22.04.2026
06528/50/31;0;55;;;New Phase 2;Essential;22.04.2026
06529/08/31;0;0;;08/06/2026;New Phase 2;Essential;22.04.2026
06529/15/31;0;12;;08/06/2026;New Phase 2;Essential;22.04.2026
06531/16/70;0;0;;;New Phase 1;Essential;22.04.2026
06531/16/72;0;0;;;New Phase 1;Essential;22.04.2026
06724/01/73;0;45;;;;Competitive;22.04.2026
06800/03/31;0;52;;;;Competitive;22.04.2026
06801/01/30;0;142;;;;Competitive;22.04.2026
06801/01/97;3;0;;;Dropped out;;22.04.2026
06802/01/30;0;500;;;;Competitive;22.04.2026
06802/01/43;0;304;;;;Competitive;22.04.2026
06822/37/30;0;40;;;;Competitive;22.04.2026
06822/37/41;0;34;;;;Competitive;22.04.2026
06822/62/30;0;40;;;;Competitive;22.04.2026
06822/62/41;0;29;;;;Competitive;22.04.2026
07105/18/31;0;500;;;;Competitive;22.04.2026
07106/18/31;0;350;;;;Competitive;22.04.2026
07120/22/30;0;343;;;;Competitive;22.04.2026
07121/24/30;0;63;;;;Essential;22.04.2026
07121/36/30;0;35;15/07/2026;;;Essential;22.04.2026
07903/09/99;37;0;;;Dropped out;;22.04.2026
08109/01/30;1;500;;26/05/2026;;Competitive;22.04.2026
08109/01/31;0;428;;26/05/2026;;Competitive;22.04.2026
08109/02/30;0;134;15/07/2026;26/05/2026;;Competitive;22.04.2026
08109/02/31;0;0;15/07/2026;26/05/2026;;Competitive;22.04.2026
08124/01/30;0;99;;;;Competitive;22.04.2026
08208/01/30;0;152;;;;Competitive;22.04.2026
08208/01/31;0;125;15/07/2026;;;Competitive;22.04.2026
08224/01/30;5;193;;;;Competitive;22.04.2026
08227/01/35;0;124;;;;Competitive;22.04.2026
08227/01/66;0;92;;;;Competitive;22.04.2026
08408/01/30;0;277;;;;Competitive;22.04.2026
08408/03/30;0;46;;;;Competitive;22.04.2026
08408/05/30;0;78;15/07/2026;;;Competitive;22.04.2026
08408/07/30;1;69;;;;Competitive;22.04.2026
08408/10/30;0;102;;;;Competitive;22.04.2026
08424/01/30;0;157;;;;Competitive;22.04.2026
08426/01/02;0;122;;;;Competitive;22.04.2026
08426/01/30;0;75;;26/05/2026;;Competitive;22.04.2026
08524/01/30;3;58;;;;Competitive;22.04.2026
08526/01/30;1;0;;;Dropped out;;22.04.2026
08724/03/30;0;111;;;;Competitive;22.04.2026
08927/01/35;11;0;;;Liquidation;Competitive;22.04.2026
08927/01/66;10;123;;;;Competitive;22.04.2026
08927/02/66;20;0;;;Dropped out;;22.04.2026
09100/01/30;0;500;;21/05/2026;;Competitive;22.04.2026
09100/01/31;0;339;31/07/2026;;;Competitive;22.04.2026
09101/01/30;0;238;;;;Competitive;22.04.2026
09101/01/31;0;472;;;;Competitive;22.04.2026
09101/02/12;41;0;;;Dropped out;;22.04.2026
09101/02/30;0;90;;21/05/2026;;Competitive;22.04.2026
09101/02/31;0;193;;;;Competitive;22.04.2026
09119/06/30;0;159;;;;Competitive;22.04.2026
09119/06/31;0;106;;;;Competitive;22.04.2026
09119/11/30;0;195;;;;Competitive;22.04.2026
09119/11/31;0;164;;;;Competitive;22.04.2026
09119/16/30;1;136;;;;Competitive;22.04.2026
09119/16/31;0;91;;;;Competitive;22.04.2026
09119/21/30;0;121;;;;Competitive;22.04.2026
09119/21/31;0;89;;;;Competitive;22.04.2026
09201/01/30;0;439;;;;Competitive;22.04.2026
09201/01/31;0;445;;;;Competitive;22.04.2026
09216/02/41;0;67;;;New Phase 2;Essential;22.04.2026
09216/02/96;0;65;;;New Phase 2;Essential;22.04.2026
09217/04/02;0;131;;;;Competitive;22.04.2026
09217/04/30;0;410;;;;Competitive;22.04.2026
09217/04/31;0;202;;;;Competitive;22.04.2026
09217/04/36;0;184;;;;Competitive;22.04.2026
09217/04/97;0;54;01/08/2026;;;Competitive;22.04.2026
09218/04/02;0;176;01/06/2026;;;Competitive;22.04.2026
09218/04/30;0;218;14/07/2026;;;Competitive;22.04.2026
09218/04/31;0;183;01/08/2026;;;Competitive;22.04.2026
09218/04/36;0;204;;;;Competitive;22.04.2026
09218/04/97;0;266;;;;Competitive;22.04.2026
09233/01/30;0;47;;;;Competitive;22.04.2026
09233/01/31;0;156;;;;Competitive;22.04.2026
09239/02/30;0;142;;;;Competitive;22.04.2026
09239/11/30;0;48;12/06/2026;08/06/2026;;Competitive;22.04.2026
09239/11/31;0;96;29/07/2026;;;Competitive;22.04.2026
09240/01/02;0;78;14/07/2026;;;Competitive;22.04.2026
09240/01/30;0;315;29/07/2026;;;Competitive;22.04.2026
09240/01/31;0;185;29/07/2026;;;Competitive;22.04.2026
09242/02/30;0;139;29/07/2026;;;Competitive;22.04.2026
09242/02/31;0;86;;;;Competitive;22.04.2026
09243/01/15;0;124;;;;Competitive;22.04.2026
09243/01/97;0;91;;;;Competitive;22.04.2026
09243/02/15;0;145;;;;Competitive;22.04.2026
09243/02/97;0;2;08/06/2026;21/05/2026;;Competitive;22.04.2026
09434/04/31;0;73;;;;Neutral;22.04.2026
09437/01/30;0;83;;;;Competitive;22.04.2026
09539/01/30;0;93;;;;Competitive;22.04.2026
09539/01/31;0;65;;;;Competitive;22.04.2026
09739/02/30;0;90;;;;Competitive;22.04.2026
09739/02/31;0;84;;;;Competitive;22.04.2026
09831/01/30;0;119;;;;Competitive;22.04.2026
09831/01/31;0;96;;;;Competitive;22.04.2026
09831/02/30;0;173;;;;Competitive;22.04.2026
09831/02/31;0;127;;;;Competitive;22.04.2026
09832/01/30;0;212;;;;Competitive;22.04.2026
09832/01/31;0;73;01/08/2026;;;Competitive;22.04.2026
09912/05/31;0;150;;;;Competitive;22.04.2026
09913/05/36;5;0;;;Dropped out;;22.04.2026
09915/06/31;0;500;;;;Competitive;22.04.2026
09915/06/36;0;500;;;;Competitive;22.04.2026
09916/06/31;8;0;;;Dropped out;;22.04.2026
09916/06/36;3;0;;;Dropped out;;22.04.2026
09921/12/30;0;139;;;;Competitive;22.04.2026
09921/12/31;0;63;14/07/2026;;;Competitive;22.04.2026
09922/12/30;0;88;;;;Competitive;22.04.2026
09922/12/31;0;264;;;;Competitive;22.04.2026
09923/01/30;0;251;;08/06/2026;;Competitive;22.04.2026
09923/01/31;0;250;;08/06/2026;;Competitive;22.04.2026
09924/01/30;0;87;;08/06/2026;;Competitive;22.04.2026
09924/01/31;0;66;01/08/2026;;;Competitive;22.04.2026
09925/01/30;0;85;14/07/2026;08/06/2026;;Competitive;22.04.2026
09925/01/31;0;376;;;;Neutral;22.04.2026
09925/02/30;0;115;;;;Competitive;22.04.2026
09925/02/31;4;30;;;;Neutral;22.04.2026
09926/01/30;0;449;;;;Competitive;22.04.2026
09926/02/30;0;125;;;;Competitive;22.04.2026
09928/05/30;0;88;;;;Competitive;22.04.2026
09929/05/02;0;310;;;;Competitive;22.04.2026
09929/05/30;0;78;01/06/2026;08/06/2026;;Competitive;22.04.2026
09929/05/31;0;81;01/08/2026;;;Competitive;22.04.2026
09929/06/02;0;140;;;;Competitive;22.04.2026
09929/06/30;0;59;14/07/2026;;;Competitive;22.04.2026
09929/06/31;0;88;;;;Competitive;22.04.2026
09929/10/02;0;371;;;;Competitive;22.04.2026
09929/10/30;0;52;14/07/2026;;;Competitive;22.04.2026
09929/10/31;0;62;;08/06/2026;;Competitive;22.04.2026
09929/15/02;0;231;;;;Competitive;22.04.2026
09929/15/30;0;82;29/07/2026;;;Competitive;22.04.2026
09929/15/31;0;67;01/08/2026;;;Competitive;22.04.2026
09929/20/02;0;390;;;;Competitive;22.04.2026
09929/20/30;0;32;29/07/2026;;;Competitive;22.04.2026
09929/20/31;0;39;01/08/2026;;;Competitive;22.04.2026
09930/05/30;0;54;29/07/2026;;;Competitive;22.04.2026
09930/05/31;0;60;;08/06/2026;;Competitive;22.04.2026
09930/10/30;0;53;14/07/2026;12/06/2026;;Competitive;22.04.2026
09930/10/31;0;130;;;;Competitive;22.04.2026
09930/15/30;0;81;;;;Competitive;22.04.2026
09930/15/31;0;84;;;;Competitive;22.04.2026
09930/20/30;0;62;;;;Competitive;22.04.2026
09930/20/31;0;55;;;;Competitive;22.04.2026
09931/02/30;3;0;;;Dropped out;;22.04.2026
09932/01/30;2;0;;;Dropped out;;22.04.2026
09932/01/31;1;0;;;Dropped out;;22.04.2026
09932/11/30;10;0;;;Dropped out;;22.04.2026
09932/11/31;1;0;;;Dropped out;;22.04.2026
09935/01/30;0;81;;;;Competitive;22.04.2026
09935/01/31;0;91;;;;Competitive;22.04.2026
09935/02/30;0;65;;;;Competitive;22.04.2026
09935/02/31;0;38;;;;Competitive;22.04.2026
09939/01/30;0;110;29/07/2026;08/06/2026;;Competitive;22.04.2026
09939/01/31;0;110;;12/06/2026;;Competitive;22.04.2026
09939/02/30;0;212;;;;Competitive;22.04.2026
09939/02/31;0;189;29/07/2026;;;Competitive;22.04.2026
09939/14/30;0;149;;;;Competitive;22.04.2026
09939/14/31;0;80;01/08/2026;;;Competitive;22.04.2026
09942/01/02;0;214;;;;Competitive;22.04.2026
09942/01/30;0;340;;;;Competitive;22.04.2026
09942/01/97;0;38;;08/06/2026;;Competitive;22.04.2026
09942/12/02;0;204;;;;Competitive;22.04.2026
09942/12/30;0;280;;;;Competitive;22.04.2026
09942/12/97;0;108;;;;Competitive;22.04.2026
09942/13/02;0;228;;;;Competitive;22.04.2026
09942/13/30;0;132;;;;Competitive;22.04.2026
09942/13/97;0;94;;;;Competitive;22.04.2026
09943/06/41;0;35;29/07/2026;08/06/2026;New Phase 2;Essential;22.04.2026
09943/06/97;0;0;29/07/2026;08/06/2026;New Phase 2;Essential;22.04.2026
09943/08/41;0;58;;08/06/2026;New Phase 2;Essential;22.04.2026
09943/08/97;0;57;;08/06/2026;New Phase 2;Essential;22.04.2026
09944/01/30;0;0;01/06/2026;;New Phase 1;Essential;22.04.2026
09944/01/31;0;0;01/06/2026;;New Phase 1;Essential;22.04.2026
09944/01/97;0;0;01/06/2026;;New Phase 1;Essential;22.04.2026
09945/01/30;0;0;01/06/2026;;New Phase 1;Essential;22.04.2026
09945/01/31;0;0;01/06/2026;;New Phase 1;Essential;22.04.2026
09945/01/97;0;0;01/06/2026;;New Phase 1;Essential;22.04.2026
09950/00/30;0;108;;21/05/2026;;Competitive;22.04.2026
09950/00/31;0;57;01/07/2026;;;Competitive;22.04.2026
09950/01/30;0;482;01/07/2026;21/05/2026;;Competitive;22.04.2026
09950/01/31;0;500;;;;Competitive;22.04.2026
09950/02/30;0;280;;;;Competitive;22.04.2026
09950/02/31;0;248;;;;Competitive;22.04.2026
09950/03/30;0;113;01/07/2026;21/05/2026;;Competitive;22.04.2026
09950/03/31;0;172;;;;Competitive;22.04.2026
09950/04/30;0;163;;;;Competitive;22.04.2026
09950/04/31;0;53;15/07/2026;;;Competitive;22.04.2026
09950/05/30;0;199;;;;Competitive;22.04.2026
09950/05/31;0;98;;;;Competitive;22.04.2026
09950/06/30;0;272;01/07/2026;21/05/2026;;Competitive;22.04.2026
09950/06/31;0;200;;;;Competitive;22.04.2026
09950/07/30;0;245;15/06/2026;;;Competitive;22.04.2026
09950/07/31;0;163;;;;Competitive;22.04.2026
09950/08/30;0;206;;;;Competitive;22.04.2026
09950/08/31;0;166;;;;Competitive;22.04.2026
09950/09/30;0;136;01/08/2026;;;Competitive;22.04.2026
09950/09/31;0;143;;;;Competitive;22.04.2026
09950/10/30;0;108;01/07/2026;21/05/2026;;Competitive;22.04.2026
09950/10/31;0;88;;21/05/2026;;Competitive;22.04.2026
09950/11/30;0;81;01/08/2026;21/05/2026;;Competitive;22.04.2026
09950/11/31;0;135;;;;Competitive;22.04.2026
09950/13/30;0;41;;21/05/2026;New Phase 1;Competitive;22.04.2026
09950/13/31;0;42;;;New Phase 1;Competitive;22.04.2026
09950/20/31;0;141;;;;Competitive;22.04.2026
09951/01/30;0;500;29/07/2026;;;Competitive;22.04.2026
09951/01/31;0;315;;;;Competitive;22.04.2026
09952/01/30;0;108;;21/05/2026;;Competitive;22.04.2026
09952/01/31;0;91;;08/06/2026;;Competitive;22.04.2026
09953/01/30;0;96;14/07/2026;;;Competitive;22.04.2026
09953/01/31;0;98;;;;Competitive;22.04.2026
09954/01/30;0;59;;12/06/2026;;Competitive;22.04.2026
09954/01/31;0;96;;;;Competitive;22.04.2026
09955/01/02;0;68;;21/05/2026;;Competitive;22.04.2026
09955/01/30;0;325;;;;Competitive;22.04.2026
09955/01/31;0;144;;;;Competitive;22.04.2026
09956/01/30;0;117;;;;Competitive;22.04.2026
09956/01/31;0;74;;;;Competitive;22.04.2026
09957/01/30;0;158;;21/05/2026;;Competitive;22.04.2026
09957/01/31;0;132;;;;Competitive;22.04.2026
09958/01/02;0;85;;21/05/2026;;Competitive;22.04.2026
09959/30/61;0;141;;;;Competitive;22.04.2026
09959/30/65;0;123;;;;Competitive;22.04.2026
09959/31/61;0;150;;;;Competitive;22.04.2026
09960/01/02;0;110;;21/05/2026;;Competitive;22.04.2026
09960/01/30;0;126;;21/05/2026;;Competitive;22.04.2026
09960/01/31;0;500;;;;Competitive;22.04.2026
09960/01/97;0;50;;21/05/2026;;Competitive;22.04.2026
09961/01/30;0;33;;12/06/2026;;Competitive;22.04.2026
09961/01/31;0;57;15/07/2026;;;Competitive;22.04.2026
09961/01/97;0;55;15/07/2026;;;Competitive;22.04.2026
09962/01/30;0;0;01/06/2026;;New Phase 1;Essential;22.04.2026
09962/01/31;0;0;01/06/2026;;New Phase 1;Essential;22.04.2026
09962/01/97;0;0;01/06/2026;;New Phase 1;Essential;22.04.2026
10115/01/99;0;0;;;Liquidation;Neutral;22.04.2026
10120/32/72;0;80;;;;Neutral;22.04.2026
10121/30/30;0;201;;;;Competitive;22.04.2026
10125/30/41;0;229;01/07/2026;21/05/2026;;Neutral;22.04.2026
10125/30/53;0;67;;;;Neutral;22.04.2026
10202/01/30;0;199;16/07/2026;;;Competitive;22.04.2026
10220/01/72;0;216;;;;Neutral;22.04.2026
10402/01/30;0;302;20/07/2026;;;Competitive;22.04.2026
10409/01/33;0;68;;;;Competitive;22.04.2026
10409/01/35;0;44;;;;Competitive;22.04.2026
10409/01/66;0;26;20/07/2026;;;Competitive;22.04.2026
10413/03/72;0;76;01/08/2026;;;Competitive;22.04.2026
10413/50/72;0;61;;21/05/2026;;Competitive;22.04.2026
10413/70/72;0;68;01/07/2026;;;Competitive;22.04.2026
10416/01/33;0;37;;;Liquidation;Competitive;22.04.2026
10420/03/72;0;32;;;;Neutral;22.04.2026
10420/32/72;0;37;;;;Neutral;22.04.2026
10421/13/30;0;245;;;;Competitive;22.04.2026
10421/30/30;0;97;;;;Competitive;22.04.2026
10421/30/36;0;86;;;;Competitive;22.04.2026
10421/30/66;0;256;;;;Competitive;22.04.2026
10421/30/73;0;231;;;;Competitive;22.04.2026
10423/30/02;0;150;;;;Competitive;22.04.2026
10423/30/30;0;225;;;;Competitive;22.04.2026
10423/40/02;0;153;;;;Competitive;22.04.2026
10423/40/30;0;242;;;;Competitive;22.04.2026
10450/47/30;0;53;;;;Premium;22.04.2026
10450/47/43;0;44;;;;Premium;22.04.2026
10500/81/34;0;98;;;;Competitive;22.04.2026
10500/81/43;0;82;;;;Competitive;22.04.2026
10500/81/66;0;200;;;;Competitive;22.04.2026
10501/81/30;1;82;;;;Competitive;22.04.2026
10501/81/37;0;124;01/07/2026;21/05/2026;;Competitive;22.04.2026
10502/81/30;0;44;15/08/2026;;;Competitive;22.04.2026
10503/81/30;0;77;;;;Competitive;22.04.2026
10505/81/02;0;152;;;;Competitive;22.04.2026
10505/81/30;0;269;;;;Competitive;22.04.2026
10506/81/02;0;67;;;;Competitive;22.04.2026
10508/01/33;0;59;;;;Competitive;22.04.2026
10508/01/35;0;47;;21/05/2026;;Competitive;22.04.2026
10508/01/66;0;80;15/08/2026;;;Competitive;22.04.2026
10509/81/33;1;63;;;;Competitive;22.04.2026
10509/81/35;0;57;;;;Competitive;22.04.2026
10509/81/66;0;77;;;;Competitive;22.04.2026
10513/40/72;0;210;;;;Competitive;22.04.2026
10514/01/53;0;254;;;;Neutral;22.04.2026
10514/01/61;0;116;;;;Neutral;22.04.2026
10514/01/65;0;209;;;;Neutral;22.04.2026
10516/01/33;0;65;;;;Competitive;22.04.2026
10516/01/38;0;127;01/07/2026;21/05/2026;;Competitive;22.04.2026
10516/01/44;0;0;16/07/2026;;;Competitive;22.04.2026
10516/01/66;0;70;01/07/2026;;;Competitive;22.04.2026
10519/81/30;0;41;16/07/2026;;;Neutral;22.04.2026
10519/81/33;0;39;16/07/2026;;;Neutral;22.04.2026
10519/81/44;0;84;;;;Neutral;22.04.2026
10519/81/53;0;51;15/08/2026;;;Neutral;22.04.2026
10523/01/02;0;147;;;;Competitive;22.04.2026
10523/01/30;0;257;;;;Competitive;22.04.2026
10525/01/41;0;105;15/08/2026;;;Neutral;22.04.2026
10525/01/53;0;75;20/07/2026;;;Neutral;22.04.2026
10525/30/41;0;52;;;;Neutral;22.04.2026
10525/30/53;0;53;;;;Neutral;22.04.2026
10526/01/70;0;61;;;;Neutral;22.04.2026
10527/01/10;0;109;;;New Phase 2;Essential;22.04.2026
10527/01/14;0;108;;;New Phase 2;Essential;22.04.2026
10527/01/35;0;112;;;New Phase 2;Essential;22.04.2026
10527/01/66;0;107;;;New Phase 2;Essential;22.04.2026
10550/81/30;0;64;;;;Premium;22.04.2026
10550/81/43;0;47;;;;Premium;22.04.2026
10550/81/73;0;78;;;;Premium;22.04.2026
10551/81/73;0;57;;;;Premium;22.04.2026
10552/81/73;0;57;;;;Premium;22.04.2026
10553/81/73;0;35;;;;Premium;22.04.2026
10702/81/30;0;96;;21/05/2026;;Competitive;22.04.2026
10706/81/02;0;56;;;;Competitive;22.04.2026
10713/28/72;0;158;;;;Competitive;22.04.2026
10719/81/30;0;59;;;;Neutral;22.04.2026
10719/81/33;0;56;;;;Neutral;22.04.2026
10719/81/44;0;52;;;;Neutral;22.04.2026
10719/81/53;0;55;;;;Neutral;22.04.2026
10723/01/02;0;47;;;;Competitive;22.04.2026
10723/01/30;0;115;;;;Competitive;22.04.2026
10725/01/41;0;53;16/07/2026;21/05/2026;;Neutral;22.04.2026
10725/01/53;0;58;;12/06/2026;;Neutral;22.04.2026
11800/01/30;0;147;;;;Competitive;22.04.2026
11801/01/30;0;112;15/07/2026;;;Competitive;22.04.2026
11811/01/06;0;83;;;;Competitive;22.04.2026
11811/01/30;0;242;;12/06/2026;;Competitive;22.04.2026
11812/01/30;0;209;;;;Competitive;22.04.2026
11812/01/31;0;500;;;;Competitive;22.04.2026
11839/01/30;0;79;;;;Essential;22.04.2026
11839/02/30;0;87;;;;Essential;22.04.2026
11840/01/30;0;80;;;;Essential;22.04.2026
11840/02/30;0;78;;;;Essential;22.04.2026
11841/01/30;0;39;;;;Essential;22.04.2026
11870/01/97;0;37;;;;Competitive;22.04.2026
11871/01/30;0;101;10/07/2026;;;Competitive;22.04.2026
11871/01/97;0;127;;;;Competitive;22.04.2026
11872/01/30;0;175;;;;Competitive;22.04.2026
11872/01/97;0;94;;;;Competitive;22.04.2026
11873/01/30;0;54;12/06/2026;18/05/2026;;Competitive;22.04.2026
11873/01/97;0;102;;;;Competitive;22.04.2026
11874/01/12;3;0;;;Dropped out;;22.04.2026
11891/20/02;0;109;14/07/2026;;;Competitive;22.04.2026
11891/20/30;0;140;;;;Competitive;22.04.2026
11903/05/30;8;260;;;;Competitive;22.04.2026
11903/05/31;0;222;;;;Competitive;22.04.2026
11903/10/30;4;26;;;;Competitive;22.04.2026
11903/10/31;0;172;;;;Competitive;22.04.2026
11903/15/30;0;249;;;;Competitive;22.04.2026
11903/20/31;1;0;;;Dropped out;;22.04.2026
12200/60/30;0;67;;;;Neutral;22.04.2026
12200/90/30;0;48;;;;Neutral;22.04.2026
12201/60/30;0;60;;;;Neutral;22.04.2026
12201/90/30;0;71;;;;Neutral;22.04.2026
12219/02/02;0;194;;;;Competitive;22.04.2026
12219/02/30;0;418;;;;Competitive;22.04.2026
12219/02/31;0;245;;;;Competitive;22.04.2026
12222/02/30;0;101;15/07/2026;;;Competitive;22.04.2026
12561/21/12;2;73;18/08/2026;;;Competitive;22.04.2026
13135/01/31;0;335;;;;Neutral;22.04.2026
13435/01/31;0;279;;;;Neutral;22.04.2026
13435/03/31;1;107;;;;Neutral;22.04.2026
13451/03/31;0;17;20/07/2026;;;Neutral;22.04.2026
13451/25/31;0;49;;;;Neutral;22.04.2026
13452/01/31;0;75;20/08/2026;;;Neutral;22.04.2026
13452/04/31;0;176;20/08/2026;;;Competitive;22.04.2026
13452/08/31;0;39;;;;Neutral;22.04.2026
13493/68/38;0;35;;;;Premium;22.04.2026
13493/68/96;0;30;;;;Premium;22.04.2026
13494/04/60;0;269;;;;Premium;22.04.2026
13494/04/62;0;64;15/07/2026;;;Premium;22.04.2026
13494/11/60;0;44;;;;Premium;22.04.2026
13494/11/62;0;63;24/07/2026;26/05/2026;;Premium;22.04.2026
13494/18/60;0;110;;;;Premium;22.04.2026
13494/18/62;0;73;24/07/2026;;;Premium;22.04.2026
13494/29/60;0;105;;;;Premium;22.04.2026
13494/29/62;0;63;01/06/2026;26/05/2026;;Premium;22.04.2026
13494/44/60;0;42;;;;Premium;22.04.2026
13494/44/62;0;34;15/07/2026;;;Premium;22.04.2026
13496/07/02;0;43;24/07/2026;;;Neutral;22.04.2026
13496/07/30;0;52;;;;Neutral;22.04.2026
13496/21/02;0;41;;;;Neutral;22.04.2026
13496/21/30;0;51;;;;Neutral;22.04.2026
13496/35/02;0;34;;;;Neutral;22.04.2026
13496/35/30;0;50;;;;Neutral;22.04.2026
13496/36/02;0;34;;;;Neutral;22.04.2026
13496/36/30;0;32;;;;Neutral;22.04.2026
13498/24/30;0;48;;;;Neutral;22.04.2026
13498/25/30;0;37;;;Liquidation;Neutral;22.04.2026
13499/04/60;0;33;24/07/2026;26/05/2026;;Neutral;22.04.2026
13499/12/60;0;52;;;;Neutral;22.04.2026
13499/13/60;0;37;24/07/2026;26/05/2026;;Neutral;22.04.2026
13499/21/60;0;21;24/07/2026;08/06/2026;;Neutral;22.04.2026
13499/22/60;0;53;24/07/2026;;;Neutral;22.04.2026
13500/03/65;0;298;;;;Competitive;22.04.2026
13533/81/10;0;85;;;;Competitive;22.04.2026
13533/81/30;0;64;;;;Competitive;22.04.2026
13534/30/31;2;0;;;Dropped out;;22.04.2026
13535/24/31;3;0;;;;Neutral;22.04.2026
13535/34/31;0;0;;;;Neutral;22.04.2026
13536/81/31;1;0;;;Dropped out;;22.04.2026
13541/14/31;0;161;;;;Competitive;22.04.2026
13541/18/31;0;64;;;;Competitive;22.04.2026
13542/30/31;0;86;;;;Competitive;22.04.2026
13543/40/31;0;130;;;;Competitive;22.04.2026
13544/45/36;0;178;;;;Neutral;22.04.2026
13544/50/36;0;225;;;;Neutral;22.04.2026
13544/54/36;0;197;;;;Neutral;22.04.2026
13553/44/31;0;54;;;;Neutral;22.04.2026
13594/04/60;0;259;;;;Premium;22.04.2026
13594/04/62;0;50;24/07/2026;;;Premium;22.04.2026
13594/10/62;0;82;;;;Premium;22.04.2026
13599/01/60;0;470;24/07/2026;;;Neutral;22.04.2026
13599/02/60;0;405;24/07/2026;;;Neutral;22.04.2026
13599/09/60;0;80;;;;Neutral;22.04.2026
13599/11/60;0;500;;;;Neutral;22.04.2026
13815/02/99;0;34;;08/06/2026;;Competitive;22.04.2026
13816/02/02;0;121;;;;Competitive;22.04.2026
13816/02/30;0;158;;;;Competitive;22.04.2026
13816/02/33;0;58;;;;Competitive;22.04.2026
13955/01/30;0;111;;;;Competitive;22.04.2026
13955/02/30;0;72;;;;Competitive;22.04.2026
13955/03/30;0;53;;;;Competitive;22.04.2026
13955/04/30;0;91;;;;Competitive;22.04.2026
13955/05/03;23;0;;;Dropped out;;22.04.2026
13955/05/12;0;128;;;;Competitive;22.04.2026
13955/05/31;5;0;;;Dropped out;;22.04.2026
13955/10/03;4;0;;;Dropped out;;22.04.2026
13955/10/12;2;90;;;;Competitive;22.04.2026
13955/10/31;12;0;;;Dropped out;;22.04.2026
13955/14/03;10;0;;;Dropped out;;22.04.2026
13955/14/12;0;129;;;;Competitive;22.04.2026
13955/14/31;2;0;;;Dropped out;;22.04.2026
13955/20/12;0;68;;;;Competitive;22.04.2026
13958/01/30;0;102;;08/06/2026;;Competitive;22.04.2026
13958/01/31;1;126;;08/06/2026;;Competitive;22.04.2026
13958/02/30;0;50;24/07/2026;08/06/2026;;Competitive;22.04.2026
13958/02/31;0;128;24/07/2026;;;Competitive;22.04.2026
13958/04/30;0;183;;;;Competitive;22.04.2026
13958/04/31;0;67;24/07/2026;;;Competitive;22.04.2026
13958/13/30;0;171;;;;Competitive;22.04.2026
13958/13/31;0;37;24/07/2026;08/06/2026;;Competitive;22.04.2026
14825/01/30;0;55;;12/06/2026;;Competitive;22.04.2026
14825/02/30;0;41;;18/05/2026;;Competitive;22.04.2026
14827/01/30;0;0;;;Liquidation;Competitive;22.04.2026
14828/02/31;0;0;;;Liquidation;Competitive;22.04.2026
14863/01/12;4;0;;;Dropped out;;22.04.2026
14866/05/12;0;132;;;;Competitive;22.04.2026
14866/05/30;0;91;01/06/2026;;;Competitive;22.04.2026
14866/10/12;0;83;;;;Competitive;22.04.2026
14866/10/30;0;264;;;;Competitive;22.04.2026
14867/05/12;2;164;;;;Competitive;22.04.2026
14867/05/30;0;231;;;;Competitive;22.04.2026
14867/10/12;0;186;;;;Competitive;22.04.2026
14867/11/12;0;242;;;;Competitive;22.04.2026
14867/11/30;0;94;01/06/2026;;;Competitive;22.04.2026
14867/49/12;0;58;;;;Competitive;22.04.2026
14867/49/30;0;112;;;;Competitive;22.04.2026
14868/05/12;1;161;;;;Competitive;22.04.2026
14868/05/30;0;430;15/07/2026;;;Competitive;22.04.2026
14871/01/30;1;0;;;Dropped out;;22.04.2026
14881/05/30;0;120;;;;Competitive;22.04.2026
14881/05/31;0;390;;;;Competitive;22.04.2026
14881/70/30;0;137;;;;Competitive;22.04.2026
14881/70/31;0;155;;;;Competitive;22.04.2026
14892/01/30;3;0;;;Dropped out;;22.04.2026
14893/01/30;0;106;;;;Competitive;22.04.2026
14893/80/30;0;98;;;;Competitive;22.04.2026
14899/01/30;0;71;;;;Competitive;22.04.2026
14899/50/30;0;132;;;;Competitive;22.04.2026
15500/02/30;0;42;01/07/2026;;;Competitive;22.04.2026
15500/02/31;0;0;01/07/2026;;;Competitive;22.04.2026
15500/02/33;0;0;01/07/2026;;;Competitive;22.04.2026
15500/02/53;0;218;;;;Competitive;22.04.2026
15801/10/30;0;259;;;;Competitive;22.04.2026
15802/01/30;0;151;15/07/2026;;;Competitive;22.04.2026
15802/02/30;0;87;;;;Competitive;22.04.2026
15803/01/30;0;49;15/07/2026;;;Competitive;22.04.2026
15804/22/30;0;150;01/08/2026;;;Competitive;22.04.2026
15804/50/30;0;78;;;;Competitive;22.04.2026
15809/09/30;0;109;;;;Competitive;22.04.2026
15810/09/30;0;67;;;;Competitive;22.04.2026
15811/02/30;0;75;;;;Competitive;22.04.2026
15812/02/30;0;75;;;;Competitive;22.04.2026
15813/02/30;0;62;;;;Competitive;22.04.2026
15814/01/30;0;66;;;;Competitive;22.04.2026
15815/01/30;0;67;;;;Competitive;22.04.2026
15816/02/30;0;71;;;;Competitive;22.04.2026
15817/01/30;0;61;;;;Competitive;22.04.2026
15818/01/30;0;47;;;;Competitive;22.04.2026
15820/05/30;0;97;;;;Competitive;22.04.2026
15820/10/30;0;82;;;;Competitive;22.04.2026
15850/05/30;0;68;;;;Competitive;22.04.2026
15850/10/30;0;74;;;;Competitive;22.04.2026
17207/08/31;13;0;;;Dropped out;;22.04.2026
17282/02/12;16;0;;;Dropped out;;22.04.2026
17282/02/31;16;0;;;Dropped out;;22.04.2026
17504/01/03;0;159;;;;Competitive;22.04.2026
17504/01/11;0;50;;;;Competitive;22.04.2026
17804/06/36;2;0;;;Dropped out;;22.04.2026
17906/05/12;2;0;;;Dropped out;;22.04.2026
17993/01/30;0;69;;;;Competitive;22.04.2026
17993/02/30;0;127;;;;Competitive;22.04.2026
17993/03/30;0;93;;;;Competitive;22.04.2026
17993/14/30;0;121;;;;Competitive;22.04.2026
17997/01/66;7;0;;;Dropped out;;22.04.2026
17998/05/30;0;500;;;;Competitive;22.04.2026
17998/10/30;0;393;;;;Competitive;22.04.2026
17998/15/30;0;472;;;;Competitive;22.04.2026
17999/01/30;0;142;;;;Competitive;22.04.2026
17999/02/30;0;134;;;;Competitive;22.04.2026
17999/03/30;0;147;;;;Competitive;22.04.2026
17999/14/30;0;72;;;;Competitive;22.04.2026
18256/03/30;2;126;;;;Competitive;22.04.2026
18293/03/30;0;96;;;;Competitive;22.04.2026
18293/03/31;2;145;;;;Competitive;22.04.2026
18650/03/30;1;454;;;;Competitive;22.04.2026
18650/03/31;0;89;;;;Competitive;22.04.2026
18656/03/30;0;189;;;;Competitive;22.04.2026
18660/05/31;3;357;;;;Competitive;22.04.2026
18673/03/30;4;30;;;;Competitive;22.04.2026
18674/06/30;4;165;;;;Competitive;22.04.2026
18756/03/30;2;145;;;;Competitive;22.04.2026
19600/01/30;0;56;15/07/2026;;;Competitive;22.04.2026
19600/01/31;0;44;20/08/2026;;;Competitive;22.04.2026
19666/09/12;0;0;;;Liquidation;Neutral;22.04.2026
19700/01/31;0;48;;;;Competitive;22.04.2026
19730/10/02;0;109;;;;Neutral;22.04.2026
19730/10/11;0;269;;;;Neutral;22.04.2026
19730/10/30;0;179;;;;Neutral;22.04.2026
19730/10/31;0;322;;;;Neutral;22.04.2026
19766/09/12;0;0;;;Liquidation;Neutral;22.04.2026
19790/81/30;0;184;;;;Neutral;22.04.2026
19791/20/02;0;59;15/07/2026;;;Competitive;22.04.2026
19791/20/30;0;92;15/07/2026;;;Competitive;22.04.2026
19791/20/31;0;165;;;;Competitive;22.04.2026
19791/24/02;0;143;;;;Competitive;22.04.2026
19791/24/12;1;185;;;;Competitive;22.04.2026
19791/24/30;0;357;;;;Competitive;22.04.2026
19792/24/03;0;389;;;;Competitive;22.04.2026
19792/24/12;2;500;;;;Competitive;22.04.2026
19792/24/30;0;435;;;;Competitive;22.04.2026
20210/01/30;0;0;;;Liquidation;Neutral;22.04.2026
20416/01/65;1;0;;;Dropped out;;22.04.2026
20421/01/02;0;55;;;;Premium;22.04.2026
20421/01/36;0;41;;;;Premium;22.04.2026
20500/05/17;5;0;;;Dropped out;;22.04.2026
20710/01/30;0;0;;;Liquidation;Neutral;22.04.2026
21112/06/30;0;85;;;;Competitive;22.04.2026
21112/08/30;0;123;;;;Competitive;22.04.2026
21117/30/02;0;36;;26/05/2026;;Competitive;22.04.2026
21117/30/30;0;173;;;;Competitive;22.04.2026
21118/04/02;0;89;;;;Competitive;22.04.2026
21118/04/30;0;106;;;;Competitive;22.04.2026
21119/06/02;0;44;;;;Competitive;22.04.2026
21119/06/30;0;120;;;;Competitive;22.04.2026
21120/01/30;0;311;;;;Competitive;22.04.2026
21120/03/30;0;135;;;;Neutral;22.04.2026
21123/01/02;11;0;;;Dropped out;;22.04.2026
21123/02/02;40;0;;;Liquidation;Neutral;22.04.2026
21123/03/02;0;0;;;Liquidation;Neutral;22.04.2026
21123/45/02;0;294;;;;Competitive;22.04.2026
21128/25/02;0;98;;;;Competitive;22.04.2026
21128/25/30;0;89;;;;Competitive;22.04.2026
21128/40/02;0;348;;;;Competitive;22.04.2026
21128/40/30;0;362;;;;Competitive;22.04.2026
21129/40/30;0;117;;;;Competitive;22.04.2026
21133/01/30;0;198;;18/05/2026;;Competitive;22.04.2026
21134/26/30;0;96;;;;Competitive;22.04.2026
21135/01/38;0;80;;;;Neutral;22.04.2026
21139/01/31;0;54;;;;Neutral;22.04.2026
21221/01/30;0;500;;;;Competitive;22.04.2026
21222/01/30;2;0;;;Dropped out;;22.04.2026
21223/01/02;16;1;;;Liquidation;Neutral;22.04.2026
21225/01/30;2;63;;;;Competitive;22.04.2026
21229/18/30;0;103;25/07/2026;;;Competitive;22.04.2026
21234/01/30;0;106;;;;Competitive;22.04.2026
21415/25/30;0;168;;;;Competitive;22.04.2026
21415/25/31;0;72;;;;Competitive;22.04.2026
21417/03/02;0;119;;;;Competitive;22.04.2026
21417/32/02;0;45;;;;Competitive;22.04.2026
21417/32/30;0;56;;;;Competitive;22.04.2026
21417/65/02;0;31;25/07/2026;23/06/2026;;Competitive;22.04.2026
21417/65/30;0;44;;;;Competitive;22.04.2026
21417/99/30;0;47;;;;Competitive;22.04.2026
21421/06/30;2;331;;;;Competitive;22.04.2026
21421/10/30;2;53;;;;Competitive;22.04.2026
21423/45/02;0;69;;;;Competitive;22.04.2026
21423/88/02;0;116;;;;Neutral;22.04.2026
21424/06/30;0;45;25/07/2026;;;Competitive;22.04.2026
21425/03/30;0;25;06/07/2026;;;Neutral;22.04.2026
21427/06/30;0;39;;;;Neutral;22.04.2026
21427/06/31;0;53;;;;Neutral;22.04.2026
21428/03/02;0;75;;;;Competitive;22.04.2026
21428/03/30;0;86;;;;Competitive;22.04.2026
21428/13/02;0;54;;;;Competitive;22.04.2026
21428/13/30;0;60;;;;Competitive;22.04.2026
21428/25/02;0;66;03/08/2026;;;Competitive;22.04.2026
21428/25/30;0;63;;23/06/2026;;Competitive;22.04.2026
21428/40/02;0;135;;;;Competitive;22.04.2026
21428/40/30;0;82;;;;Competitive;22.04.2026
21429/01/30;0;19;26/05/2026;18/05/2026;;Competitive;22.04.2026
21429/03/30;0;35;;18/05/2026;;Essential;22.04.2026
21430/03/61;0;4;;;;Neutral;22.04.2026
21432/04/30;0;50;25/07/2026;23/06/2026;;Competitive;22.04.2026
21433/01/30;0;111;26/05/2026;18/05/2026;;Competitive;22.04.2026
21433/03/30;0;90;26/05/2026;18/05/2026;;Competitive;22.04.2026
21433/13/30;0;73;03/08/2026;26/05/2026;;Competitive;22.04.2026
21434/03/30;0;94;;;;Competitive;22.04.2026
21434/13/30;0;67;;;;Competitive;22.04.2026
21434/40/30;0;114;;;;Competitive;22.04.2026
21435/03/38;0;32;03/08/2026;;;Neutral;22.04.2026
21435/13/38;0;42;;;;Neutral;22.04.2026
21435/60/38;0;74;25/07/2026;;;Neutral;22.04.2026
21439/40/31;0;446;;;;Neutral;22.04.2026
21440/03/36;0;60;;;;Vibes;22.04.2026
21440/13/36;0;58;;;;Vibes;22.04.2026
21440/60/36;0;74;;;;Vibes;22.04.2026
21441/01/62;0;61;;;;Vibes;22.04.2026
21441/05/62;0;41;;;;Vibes;22.04.2026
21441/07/62;0;0;15/07/2026;;New Phase 1;Vibes;22.04.2026
21441/10/62;0;31;05/08/2026;;;Vibes;22.04.2026
21441/12/62;0;34;;18/05/2026;;Vibes;22.04.2026
21442/01/10;0;59;01/08/2026;;;Vibes;22.04.2026
21442/03/10;0;41;01/08/2026;;;Vibes;22.04.2026
21442/15/10;0;37;01/08/2026;;;Vibes;22.04.2026
21443/35/33;0;0;23/06/2026;26/05/2026;;Essential;22.04.2026
21443/35/66;0;0;05/08/2026;23/06/2026;;Essential;22.04.2026
21444/38/41;0;0;23/06/2026;26/05/2026;;Essential;22.04.2026
21445/40/30;0;130;;;;Essential;22.04.2026
21445/60/30;0;98;;;;Essential;22.04.2026
21446/03/41;0;49;25/07/2026;;New Phase 2;Essential;22.04.2026
21446/13/41;0;50;25/07/2026;;New Phase 2;Essential;22.04.2026
21446/25/41;0;83;25/07/2026;;New Phase 2;Essential;22.04.2026
21446/40/41;0;70;25/07/2026;;New Phase 2;Essential;22.04.2026
21447/08/96;0;0;15/07/2026;;New Phase 1;Vibes;22.04.2026
21448/01/96;0;0;15/07/2026;;New Phase 1;Essential;22.04.2026
21449/40/30;0;0;30/07/2026;23/06/2026;New Phase 2;Essential;22.04.2026
21449/60/30;0;0;30/07/2026;23/06/2026;New Phase 2;Essential;22.04.2026
21509/25/30;0;163;;;;Neutral;22.04.2026
21521/01/30;0;161;;;;Competitive;22.04.2026
21528/25/02;0;107;;;;Competitive;22.04.2026
21528/25/30;0;121;;;;Competitive;22.04.2026
21529/15/30;0;128;25/07/2026;;;Competitive;22.04.2026
21529/26/30;0;107;;;;Competitive;22.04.2026
21530/01/61;0;99;;;;Neutral;22.04.2026
21533/01/30;0;142;25/07/2026;;;Competitive;22.04.2026
21534/15/30;0;59;01/08/2026;;;Competitive;22.04.2026
21721/01/30;0;117;;;;Competitive;22.04.2026
21729/81/30;1;39;;26/05/2026;;Competitive;22.04.2026
21739/12/31;0;92;;;;Neutral;22.04.2026
21739/16/31;0;67;01/08/2026;23/06/2026;;Neutral;22.04.2026
21739/81/31;0;234;;;;Neutral;22.04.2026
21929/01/30;0;72;01/08/2026;;;Competitive;22.04.2026
21929/02/30;0;144;;;;Competitive;22.04.2026
22552/05/02;0;77;01/07/2026;;;Competitive;22.04.2026
22552/05/30;0;59;01/07/2026;21/05/2026;;Competitive;22.04.2026
22552/05/31;0;72;01/07/2026;;;Competitive;22.04.2026
22552/05/41;0;109;;;;Competitive;22.04.2026
22860/10/31;0;411;;;;Competitive;22.04.2026
22861/05/31;0;156;;;;Competitive;22.04.2026
22862/04/30;0;322;;;;Competitive;22.04.2026
22863/10/30;0;451;;;;Competitive;22.04.2026
22863/10/31;0;66;;;;Competitive;22.04.2026
22864/10/30;0;413;;;;Competitive;22.04.2026
22864/10/31;0;500;;;;Competitive;22.04.2026
22865/12/30;0;422;;;;Competitive;22.04.2026
22865/12/31;0;378;;;;Competitive;22.04.2026
22952/01/02;0;97;;;;Competitive;22.04.2026
22952/01/31;0;182;15/08/2026;;;Competitive;22.04.2026
22952/02/31;5;136;;;;Competitive;22.04.2026
22952/11/30;0;275;15/08/2026;;;Competitive;22.04.2026
22953/01/02;1;139;;;;Competitive;22.04.2026
22953/01/12;94;0;;;Dropped out;;22.04.2026
22953/01/30;7;123;;;;Competitive;22.04.2026
22953/01/31;0;112;;;;Competitive;22.04.2026
22953/02/30;5;237;;;;Competitive;22.04.2026
22953/02/31;1;184;;;;Competitive;22.04.2026
22954/01/12;8;215;;;;Competitive;22.04.2026
22954/01/30;0;94;01/07/2026;;;Competitive;22.04.2026
22954/01/31;0;30;31/07/2026;21/05/2026;;Competitive;22.04.2026
22955/01/12;2;0;;;Dropped out;;22.04.2026
22955/01/30;0;47;09/07/2026;;;Competitive;22.04.2026
22955/01/31;0;77;15/07/2026;;;Competitive;22.04.2026
22958/01/30;0;169;15/07/2026;;;Competitive;22.04.2026
22959/01/30;0;500;;;;Competitive;22.04.2026
22959/02/30;0;99;;;;Competitive;22.04.2026
22962/01/30;0;160;15/08/2026;21/05/2026;;Competitive;22.04.2026
22962/01/31;0;330;01/07/2026;;;Competitive;22.04.2026
22963/01/30;1;235;;;;Competitive;22.04.2026
22963/01/31;0;224;;;;Competitive;22.04.2026
22966/01/30;3;0;;;Dropped out;;22.04.2026
22966/02/30;4;0;;;Dropped out;;22.04.2026
22966/02/31;30;0;;;Liquidation;Competitive;22.04.2026
22969/24/30;1;0;;;Dropped out;;22.04.2026
22974/01/15;0;467;;;;Competitive;22.04.2026
22974/01/30;0;206;15/08/2026;;;Competitive;22.04.2026
22974/01/41;0;82;08/08/2026;;;Competitive;22.04.2026
22974/02/15;0;226;;;;Competitive;22.04.2026
22974/02/30;0;249;;21/05/2026;;Competitive;22.04.2026
22974/02/41;0;81;15/07/2026;;;Competitive;22.04.2026
22974/13/15;0;239;;;;Competitive;22.04.2026
22974/13/30;0;214;;;;Competitive;22.04.2026
22974/13/41;0;54;01/07/2026;;;Competitive;22.04.2026
22975/01/15;0;153;09/07/2026;;;Competitive;22.04.2026
22975/01/30;0;221;;21/05/2026;;Competitive;22.04.2026
22975/01/31;0;500;;;;Competitive;22.04.2026
23100/40/15;0;34;;;;Premium;22.04.2026
23100/40/96;0;30;;;;Premium;22.04.2026
23100/60/15;0;30;;;;Premium;22.04.2026
23100/60/96;0;23;;;;Premium;22.04.2026
23101/12/62;0;35;;;;Premium;22.04.2026
23173/01/96;0;53;13/08/2026;;;Premium;22.04.2026
23201/12/62;0;0;19/07/2026;;;Premium;22.04.2026
23208/31/30;3;0;;;Dropped out;;22.04.2026
23252/01/30;0;322;;;;Competitive;22.04.2026
23252/01/31;2;209;;;;Competitive;22.04.2026
23253/01/30;0;216;;;;Competitive;22.04.2026
23253/01/31;1;233;;;;Competitive;22.04.2026
23254/01/30;0;267;15/07/2026;21/05/2026;;Competitive;22.04.2026
23254/01/31;0;343;01/06/2026;;;Competitive;22.04.2026
23272/11/96;0;52;;;;Premium;22.04.2026
23273/01/96;0;66;;;;Premium;22.04.2026
23274/09/15;0;57;;;;Premium;22.04.2026
23274/09/31;0;66;;;;Premium;22.04.2026
23275/04/97;0;34;;;;Premium;22.04.2026
23400/60/15;0;30;;;;Premium;22.04.2026
23400/60/96;0;35;;;;Premium;22.04.2026
23400/80/15;0;37;;;;Premium;22.04.2026
23400/80/96;0;1;01/07/2026;;;Premium;22.04.2026
23401/12/62;0;30;;;;Premium;22.04.2026
23401/60/62;0;21;01/07/2026;;;Premium;22.04.2026
23463/30/30;0;42;;;;Neutral;22.04.2026
23463/30/31;0;45;;;;Neutral;22.04.2026
23463/36/30;0;40;13/08/2026;08/06/2026;;Neutral;22.04.2026
23463/36/31;0;53;;;;Neutral;22.04.2026
23472/36/96;0;54;;;;Premium;22.04.2026
23700/20/15;0;50;;;;Premium;22.04.2026
23700/20/96;0;42;;;;Premium;22.04.2026
23772/18/96;0;38;;;;Premium;22.04.2026
23954/06/30;0;120;;;;Competitive;22.04.2026
23954/06/31;0;25;;;;Competitive;22.04.2026
23954/11/30;0;18;;;;Competitive;22.04.2026
23954/11/31;0;27;;;;Competitive;22.04.2026
23954/21/30;1;57;;;;Competitive;22.04.2026
23954/21/31;0;22;;;;Competitive;22.04.2026
23974/09/15;0;73;;;;Premium;22.04.2026
23974/09/31;0;176;;;;Premium;22.04.2026
23975/05/31;0;149;;;;Premium;22.04.2026
23975/10/31;0;138;;;;Premium;22.04.2026
24105/36/05;0;49;;;;Vibes;22.04.2026
24205/54/05;0;37;;12/06/2026;;Vibes;22.04.2026
24401/21/30;0;32;18/08/2026;;;Neutral;22.04.2026
24401/35/30;0;63;;;;Neutral;22.04.2026
24402/15/30;0;63;;;;Neutral;22.04.2026
24402/15/96;0;67;25/07/2026;;;Neutral;22.04.2026
24402/30/30;0;152;;;;Neutral;22.04.2026
24402/30/96;0;68;18/08/2026;;;Neutral;22.04.2026
24403/36/04;0;51;;;;Premium;22.04.2026
24403/42/04;0;36;;;;Premium;22.04.2026
24404/35/30;0;18;;;;Premium;22.04.2026
24404/84/30;0;22;;;;Premium;22.04.2026
24405/34/05;0;40;;;;Vibes;22.04.2026
24406/07/30;0;83;18/08/2026;;;Premium;22.04.2026
24406/07/96;0;10;25/07/2026;12/06/2026;;Premium;22.04.2026
24406/36/96;0;0;12/07/2026;;New Phase 1;Premium;22.04.2026
24406/37/30;0;25;25/07/2026;;;Premium;22.04.2026
24406/37/96;0;0;12/07/2026;;New Phase 1;Premium;22.04.2026
24406/84/30;0;31;;;;Premium;22.04.2026
24406/84/96;0;33;25/07/2026;;;Premium;22.04.2026
24406/86/30;0;25;18/08/2026;;;Premium;22.04.2026
24406/86/96;0;30;25/07/2026;12/06/2026;;Premium;22.04.2026
24407/07/96;0;0;18/08/2026;;;Premium;22.04.2026
24407/43/96;0;45;;;;Premium;22.04.2026
24407/86/96;0;49;;;;Premium;22.04.2026
24610/08/30;2;214;;;;Competitive;22.04.2026
24656/10/30;0;74;;;;Competitive;22.04.2026
24656/10/31;2;73;;;;Competitive;22.04.2026
24703/17/04;0;37;25/07/2026;;;Premium;22.04.2026
24705/34/05;0;39;;;;Vibes;22.04.2026
25115/35/65;0;47;;;;Neutral;22.04.2026
25117/10/61;0;31;;;;Premium;22.04.2026
25117/10/62;0;34;;;;Premium;22.04.2026
25117/10/65;0;29;;;;Premium;22.04.2026
25413/01/02;0;88;;;;Neutral;22.04.2026
25413/03/02;0;45;;;;Neutral;22.04.2026
25413/13/02;0;59;;;;Neutral;22.04.2026
25414/04/61;0;33;;;;Neutral;22.04.2026
25414/20/61;1;0;;;Dropped out;;22.04.2026
25417/10/61;0;43;;;;Premium;22.04.2026
25417/10/62;0;46;;;;Premium;22.04.2026
25417/10/65;0;32;;;;Premium;22.04.2026
25417/12/61;0;29;;;;Premium;22.04.2026
25417/12/62;0;41;;;;Premium;22.04.2026
25417/12/65;0;31;;;;Premium;22.04.2026
25501/45/65;1;0;;;Dropped out;;22.04.2026
25516/01/02;0;0;;;Liquidation;Competitive;22.04.2026
26500/05/02;0;79;;;;Neutral;22.04.2026
26500/05/30;0;305;;;;Neutral;22.04.2026
26500/05/36;0;500;;;;Neutral;22.04.2026
26956/05/30;1;0;;;Dropped out;;22.04.2026
26956/05/31;3;0;;;Dropped out;;22.04.2026
26957/05/12;5;0;;;Dropped out;;22.04.2026
26957/05/30;2;0;;;Liquidation;Competitive;22.04.2026
26957/10/12;1;0;;;Dropped out;;22.04.2026
26957/15/12;1;0;;;Dropped out;;22.04.2026
26958/05/30;7;157;;;;Competitive;22.04.2026
26958/10/30;0;115;;;;Competitive;22.04.2026
26958/15/30;0;64;;;;Competitive;22.04.2026
26958/20/30;0;101;;;;Competitive;22.04.2026
26994/05/31;0;144;;;;Competitive;22.04.2026
26994/10/31;6;420;;;;Competitive;22.04.2026
26994/15/31;0;165;;;;Competitive;22.04.2026
26994/20/31;0;246;;;;Competitive;22.04.2026
27100/02/30;0;107;;;;Competitive;22.04.2026
27107/01/30;3;71;;;;Competitive;22.04.2026
27200/01/30;0;500;;;;Competitive;22.04.2026
27250/06/30;0;99;15/07/2026;;;Competitive;22.04.2026
27250/06/31;0;157;;;;Competitive;22.04.2026
27251/02/30;0;255;;;;Competitive;22.04.2026
27251/02/31;0;168;;;;Competitive;22.04.2026
27500/02/31;0;161;;;;Competitive;22.04.2026
27503/02/30;0;218;;;;Neutral;22.04.2026
27503/02/31;0;116;;;;Neutral;22.04.2026
27504/02/31;0;0;;;Liquidation;Competitive;22.04.2026
27703/02/30;0;81;;;;Neutral;22.04.2026
27703/02/31;0;176;;;;Neutral;22.04.2026
27703/04/30;0;53;;;;Neutral;22.04.2026
27803/01/29;35;0;;;Dropped out;;22.04.2026
27807/01/30;0;77;;;;Competitive;22.04.2026
27807/02/30;0;88;;;;Competitive;22.04.2026
27818/09/30;16;0;;;Dropped out;;22.04.2026
27837/01/30;36;0;;;Dropped out;;22.04.2026
27849/02/29;0;59;;;;Competitive;22.04.2026
27849/12/29;0;85;;;;Competitive;22.04.2026
27853/01/30;0;46;;21/05/2026;;Competitive;22.04.2026
27870/01/30;1;134;;;;Competitive;22.04.2026
27870/01/31;0;176;;;;Competitive;22.04.2026
27874/25/30;0;176;;;;Competitive;22.04.2026
27874/45/30;0;137;;;;Competitive;22.04.2026
27874/65/30;0;110;;;;Competitive;22.04.2026
27881/06/30;0;39;;;;Competitive;22.04.2026
27882/05/30;0;68;15/07/2026;;;Competitive;22.04.2026
27883/01/30;0;119;;;;Competitive;22.04.2026
27883/01/31;0;128;;;;Competitive;22.04.2026
27883/02/30;0;181;;;;Competitive;22.04.2026
27883/02/31;0;143;;;;Competitive;22.04.2026
27883/11/30;0;69;;;;Competitive;22.04.2026
27883/11/31;0;146;;;;Competitive;22.04.2026
27883/25/30;0;36;15/07/2026;;;Competitive;22.04.2026
27883/25/31;0;109;;;;Competitive;22.04.2026
27885/01/30;0;0;;;Liquidation;Competitive;22.04.2026
27888/03/30;1;0;;;Dropped out;;22.04.2026
27889/02/30;0;275;;;;Competitive;22.04.2026
27889/02/31;0;69;;;;Competitive;22.04.2026
27889/02/33;0;131;;;;Competitive;22.04.2026
27889/02/38;0;97;;;;Competitive;22.04.2026
27889/02/97;0;0;;;;Competitive;22.04.2026
27889/06/30;0;50;;;;Competitive;22.04.2026
27893/05/29;0;65;;;;Competitive;22.04.2026
27894/05/29;0;88;15/07/2026;;;Competitive;22.04.2026
27895/05/29;0;63;15/07/2026;;;Competitive;22.04.2026
27896/12/29;0;204;;;;Competitive;22.04.2026
27897/12/29;0;0;;;Liquidation;Competitive;22.04.2026
27899/03/29;6;0;;;Dropped out;;22.04.2026
28112/30/30;0;267;;;;Competitive;22.04.2026
28112/30/31;0;136;;;;Competitive;22.04.2026
28116/11/30;0;29;01/06/2026;;;Competitive;22.04.2026
28116/11/31;0;5;16/07/2026;;;Competitive;22.04.2026
28116/18/30;0;25;16/07/2026;;;Competitive;22.04.2026
28116/18/31;0;66;13/08/2026;;;Competitive;22.04.2026
28116/24/30;0;43;;;;Competitive;22.04.2026
28116/24/31;0;57;;;;Competitive;22.04.2026
28116/30/30;0;29;01/06/2026;;;Competitive;22.04.2026
28116/30/31;0;30;16/07/2026;;;Competitive;22.04.2026
28117/11/30;0;68;;;;Competitive;22.04.2026
28117/11/31;0;67;;;;Competitive;22.04.2026
28117/17/30;0;57;;;;Competitive;22.04.2026
28117/17/31;0;43;15/05/2026;;;Competitive;22.04.2026
28117/22/30;0;38;01/06/2026;;;Competitive;22.04.2026
28117/22/31;0;33;;;;Competitive;22.04.2026
28117/30/30;0;34;13/08/2026;;;Competitive;22.04.2026
28117/30/31;0;45;;;;Competitive;22.04.2026
28803/01/30;0;80;;21/05/2026;;Competitive;22.04.2026
28850/23/30;7;0;;;Dropped out;;22.04.2026
28850/24/30;1;164;;;;Competitive;22.04.2026
28851/40/30;0;147;;;;Competitive;22.04.2026
28851/60/30;0;99;01/08/2026;;;Competitive;22.04.2026
28851/61/30;0;72;01/07/2026;;;Competitive;22.04.2026
28857/06/30;5;106;;;;Competitive;22.04.2026
28857/61/30;0;44;15/07/2026;;;Competitive;22.04.2026
28861/10/30;0;93;;;;Competitive;22.04.2026
28907/17/31;1;0;;;Dropped out;;22.04.2026
29700/26/15;0;57;;;;Vibes;22.04.2026
29700/26/96;0;41;;;;Vibes;22.04.2026
29825/01/30;0;74;;;;Competitive;22.04.2026
29826/01/30;4;0;;;Dropped out;;22.04.2026
29828/01/30;0;150;;;;Competitive;22.04.2026
29829/01/30;0;96;;;;Competitive;22.04.2026
29830/40/30;0;35;;;;Competitive;22.04.2026
29831/60/30;0;90;;;;Competitive;22.04.2026
29831/80/30;0;95;;;;Competitive;22.04.2026
29832/60/30;0;94;;;;Competitive;22.04.2026
29832/99/30;0;104;;;;Competitive;22.04.2026
29897/01/30;0;27;;;;Competitive;22.04.2026
29897/01/31;0;113;;;;Competitive;22.04.2026
29933/02/15;0;135;;;;Competitive;22.04.2026
29933/02/30;0;42;15/07/2026;;;Competitive;22.04.2026
29933/02/96;0;76;15/07/2026;;;Competitive;22.04.2026
29934/02/15;0;147;;;;Competitive;22.04.2026
29934/02/30;0;70;03/08/2026;;;Competitive;22.04.2026
29934/02/96;0;125;;;;Competitive;22.04.2026
30161/09/30;0;40;;;;Neutral;22.04.2026
30164/01/02;0;58;;;;Neutral;22.04.2026
30164/01/30;0;96;;;;Neutral;22.04.2026
30186/38/30;0;15;;;;Competitive;22.04.2026
30188/01/30;0;54;;;;Competitive;22.04.2026
30265/01/30;0;57;16/07/2026;;;Competitive;22.04.2026
30271/01/30;0;53;;;;Competitive;22.04.2026
30276/01/38;0;109;16/07/2026;;;Competitive;22.04.2026
30295/01/30;0;16;;;;Neutral;22.04.2026
30460/01/60;0;1;;;Liquidation;Neutral;22.04.2026
30460/03/60;0;19;;;;Neutral;22.04.2026
30460/13/60;0;48;;;;Neutral;22.04.2026
30461/09/30;0;39;;;;Neutral;22.04.2026
30474/04/30;0;93;;;;Competitive;22.04.2026
30474/06/30;0;500;;;;Competitive;22.04.2026
30488/01/30;0;45;;;;Competitive;22.04.2026
30488/03/30;0;33;16/07/2026;;;Competitive;22.04.2026
30495/03/30;0;114;;;;Neutral;22.04.2026
30562/81/30;0;75;;;;Neutral;22.04.2026
30562/81/38;0;19;;;;Neutral;22.04.2026
30595/81/30;0;33;;;;Neutral;22.04.2026
30597/01/31;0;23;;;;Neutral;22.04.2026
30669/05/30;6;0;;;Dropped out;;22.04.2026
30762/81/30;0;80;;;;Neutral;22.04.2026
30762/81/38;0;40;;;;Neutral;22.04.2026
30763/81/30;0;0;;;Liquidation;Neutral;22.04.2026
30773/01/30;0;34;;;;Competitive;22.04.2026
30797/02/31;0;38;;;;Neutral;22.04.2026
30997/01/31;0;34;;;;Neutral;22.04.2026
30997/11/31;0;0;;;Liquidation;Neutral;22.04.2026
30997/13/31;0;0;;;Liquidation;Neutral;22.04.2026
33200/05/11;0;266;;;;Neutral;22.04.2026
33200/05/30;0;239;;;;Neutral;22.04.2026
33200/05/31;0;265;;;;Neutral;22.04.2026
33500/03/30;0;450;;;;Neutral;22.04.2026
33500/03/35;0;278;;;;Neutral;22.04.2026
33500/03/41;0;270;;;;Neutral;22.04.2026
33801/06/30;0;68;;;;Competitive;22.04.2026
33801/06/31;0;95;;;;Competitive;22.04.2026
33801/11/30;0;106;;;;Competitive;22.04.2026
33801/11/31;0;101;;;;Competitive;22.04.2026
33803/08/97;0;44;;;;Competitive;22.04.2026
33804/05/30;0;37;;;;Competitive;22.04.2026
33805/08/97;0;30;01/07/2026;;;Essential;22.04.2026
33806/08/97;0;33;;;;Essential;22.04.2026
33807/08/97;0;69;;;;Essential;22.04.2026
33808/08/97;0;58;;;;Essential;22.04.2026
33809/05/97;0;70;;;;Essential;22.04.2026
33810/08/97;0;69;;;;Essential;22.04.2026
33811/04/97;0;44;;;;Essential;22.04.2026
33812/08/96;0;59;01/06/2026;;New Phase 2;Essential;22.04.2026
33813/08/96;0;61;01/06/2026;;New Phase 2;Essential;22.04.2026
33814/06/97;0;0;01/06/2026;;New Phase 1;Essential;22.04.2026
33815/06/97;0;0;01/06/2026;;New Phase 1;Essential;22.04.2026
33818/06/97;0;0;01/06/2026;;New Phase 1;Essential;22.04.2026
33819/08/97;0;0;01/06/2026;;New Phase 1;Essential;22.04.2026
34145/30/30;0;214;;;;Neutral;22.04.2026
34145/30/36;0;115;;;;Neutral;22.04.2026
34245/01/30;0;134;;;;Neutral;22.04.2026
34245/01/36;0;0;;;Liquidation;Neutral;22.04.2026
34247/01/99;0;222;;;;Competitive;22.04.2026
34438/03/65;2;42;20/07/2026;21/05/2026;;Competitive;22.04.2026
34438/05/65;0;45;;;;Competitive;22.04.2026
34438/20/65;0;20;26/05/2026;21/05/2026;;Competitive;22.04.2026
34438/28/65;1;15;26/05/2026;21/05/2026;;Competitive;22.04.2026
34438/40/65;3;36;26/05/2026;21/05/2026;;Competitive;22.04.2026
34445/30/30;0;0;;;Liquidation;Neutral;22.04.2026
34445/30/36;0;0;;;Liquidation;Neutral;22.04.2026
34447/40/99;0;208;;;;Competitive;22.04.2026
34540/03/30;0;60;;;;Neutral;22.04.2026
34540/03/31;0;40;;;;Neutral;22.04.2026
34544/02/30;0;0;;;Liquidation;Neutral;22.04.2026
34545/81/30;0;81;;;;Neutral;22.04.2026
34545/81/36;0;84;;;;Neutral;22.04.2026
34546/21/30;0;29;;21/05/2026;;Competitive;22.04.2026
34548/81/31;0;56;;;;Neutral;22.04.2026
34549/81/60;0;169;;;;Neutral;22.04.2026
34550/81/60;0;172;;;;Neutral;22.04.2026
34551/81/31;0;107;;;;Neutral;22.04.2026
34552/03/11;0;47;;;;Neutral;22.04.2026
34552/03/41;0;40;29/07/2026;;;Neutral;22.04.2026
34552/03/44;0;43;;;;Neutral;22.04.2026
34738/01/65;0;49;;;;Competitive;22.04.2026
34745/81/30;0;0;;;Liquidation;Neutral;22.04.2026
34745/81/36;0;0;;;Liquidation;Neutral;22.04.2026
34944/02/30;0;0;;;Liquidation;Neutral;22.04.2026
35100/11/31;0;500;;;;Competitive;22.04.2026
35100/14/31;0;329;;12/06/2026;;Competitive;22.04.2026
35100/17/31;0;377;;;;Competitive;22.04.2026
35200/18/31;0;500;;12/06/2026;;Competitive;22.04.2026
35201/18/31;0;500;;;;Competitive;22.04.2026
35203/13/31;0;206;;;;Competitive;22.04.2026
35208/01/31;0;167;;;;Competitive;22.04.2026
35208/01/41;6;0;;;Dropped out;;22.04.2026
35400/25/31;0;371;;;;Neutral;22.04.2026
35406/16/31;0;5;;12/06/2026;;Neutral;22.04.2026
35407/25/31;1;0;;;Dropped out;;22.04.2026
35410/04/30;0;77;;;;Neutral;22.04.2026
35411/04/41;1;0;;;Dropped out;;22.04.2026
35413/01/30;0;77;;;;Competitive;22.04.2026
35911/08/30;0;71;;;;Competitive;22.04.2026
35911/08/31;0;48;;;;Competitive;22.04.2026
35911/16/30;0;35;01/07/2026;;;Competitive;22.04.2026
35911/16/31;0;52;;;;Competitive;22.04.2026
35913/01/30;0;196;24/07/2026;;;Competitive;22.04.2026
35913/01/33;60;0;;;Dropped out;;22.04.2026
35913/02/30;0;111;;;;Competitive;22.04.2026
36114/18/30;0;129;;;;Competitive;22.04.2026
36114/18/31;0;130;;;;Competitive;22.04.2026
36114/27/30;0;78;;;;Competitive;22.04.2026
36114/27/31;0;55;;;;Competitive;22.04.2026
36612/03/30;0;110;;;;Competitive;22.04.2026
36612/03/31;0;267;;;;Competitive;22.04.2026
36620/03/30;0;21;;;;Competitive;22.04.2026
36620/03/31;0;23;;;;Competitive;22.04.2026
36621/03/30;0;77;;;;Competitive;22.04.2026
36621/03/31;0;160;;;;Competitive;22.04.2026
36622/03/30;0;0;;;;Competitive;22.04.2026
36622/03/31;0;0;;;Liquidation;Competitive;22.04.2026
36712/04/30;0;72;;;;Competitive;22.04.2026
36712/04/31;0;281;;;;Competitive;22.04.2026
36712/05/30;1;78;;;;Competitive;22.04.2026
36712/05/31;1;350;;;;Competitive;22.04.2026
36720/03/30;0;38;;08/06/2026;;Competitive;22.04.2026
36720/03/31;0;96;;;;Competitive;22.04.2026
36721/03/30;0;7;;;;Competitive;22.04.2026
36721/03/31;0;29;;;;Competitive;22.04.2026
36722/03/30;0;40;;08/06/2026;;Competitive;22.04.2026
37100/50/30;1;0;;;Dropped out;;22.04.2026
39211/10/11;5;0;;;Dropped out;;22.04.2026
39520/01/76;2;0;;;Dropped out;;22.04.2026
41205/12/30;0;64;;;;Premium;22.04.2026
41205/16/30;0;37;;;;Premium;22.04.2026
41206/03/02;0;41;;;;Premium;22.04.2026
41206/03/15;0;50;;;;Premium;22.04.2026
41206/03/30;0;49;;;;Premium;22.04.2026
41405/24/30;0;0;15/07/2026;26/05/2026;;Premium;22.04.2026
41405/32/30;0;21;15/07/2026;;;Premium;22.04.2026
41412/40/30;0;20;01/07/2026;;;Premium;22.04.2026
41412/40/31;0;43;;;;Premium;22.04.2026
41412/60/30;0;52;01/07/2026;;;Premium;22.04.2026
41412/60/31;0;46;;;;Premium;22.04.2026
41412/80/30;0;29;;26/05/2026;;Premium;22.04.2026
41412/80/31;0;36;;;;Premium;22.04.2026
42101/52/30;0;58;;;;Neutral;22.04.2026
42203/06/31;0;40;;;;Premium;22.04.2026
42203/10/31;0;36;;;;Premium;22.04.2026
42401/52/30;0;50;;;;Neutral;22.04.2026
43401/31/30;0;165;;;;Competitive;22.04.2026
43404/15/30;0;146;;;;Competitive;22.04.2026
43404/22/30;0;142;;;;Competitive;22.04.2026
43404/28/30;0;154;;;;Competitive;22.04.2026
44110/24/31;0;88;;;;Competitive;22.04.2026
44111/24/31;0;130;;;;Competitive;22.04.2026
44112/24/30;0;66;03/08/2026;;;Competitive;22.04.2026
44113/30/02;0;102;;;;Competitive;22.04.2026
44114/30/02;0;298;;;;Competitive;22.04.2026
44204/08/33;0;93;;;;Competitive;22.04.2026
44204/08/35;0;107;;;;Competitive;22.04.2026
44204/08/38;0;72;;;;Competitive;22.04.2026
44216/08/30;0;65;;;;Neutral;22.04.2026
44216/12/30;0;85;;;;Neutral;22.04.2026
44217/08/30;0;60;;;;Neutral;22.04.2026
44217/08/41;0;44;03/08/2026;;;Neutral;22.04.2026
44415/03/99;0;86;;;;Neutral;22.04.2026
44415/13/34;0;214;;;;Neutral;22.04.2026
44415/16/66;0;104;;;;Neutral;22.04.2026
44415/20/36;0;28;;;;Neutral;22.04.2026
44501/03/30;0;498;;;;Competitive;22.04.2026
44501/03/31;0;500;;;;Competitive;22.04.2026
44501/03/44;0;193;;;;Competitive;22.04.2026
44503/06/11;0;89;;;;Neutral;22.04.2026
44503/06/30;0;67;;;;Neutral;22.04.2026
44503/06/41;0;49;;;;Neutral;22.04.2026
44516/06/30;0;76;;;;Neutral;22.04.2026
44517/08/30;0;56;;;;Neutral;22.04.2026
44517/08/41;0;67;;;;Neutral;22.04.2026
44520/01/33;0;57;15/07/2026;;New Phase 2;Essential;22.04.2026
44520/01/34;0;57;15/07/2026;;New Phase 2;Essential;22.04.2026
44520/01/35;0;67;15/07/2026;;New Phase 2;Essential;22.04.2026
44520/01/38;0;49;15/07/2026;;New Phase 2;Essential;22.04.2026
44521/01/33;0;63;15/07/2026;;New Phase 2;Essential;22.04.2026
44521/01/34;0;66;15/07/2026;;New Phase 2;Essential;22.04.2026
44521/01/35;0;72;15/07/2026;;New Phase 2;Essential;22.04.2026
44521/01/38;0;35;15/07/2026;;New Phase 2;Essential;22.04.2026
44616/06/30;0;56;;;;Neutral;22.04.2026
44700/11/02;0;69;;;;Neutral;22.04.2026
44700/11/30;0;43;01/07/2026;;;Neutral;22.04.2026
44701/03/30;0;76;;;;Competitive;22.04.2026
44701/03/31;0;349;;;;Competitive;22.04.2026
44701/03/37;0;182;;;;Competitive;22.04.2026
44701/03/44;0;65;;;;Competitive;22.04.2026
44716/06/30;0;51;;;;Neutral;22.04.2026
44717/08/30;0;56;;;;Neutral;22.04.2026
44717/08/41;0;47;15/07/2026;;;Neutral;22.04.2026
44719/81/30;0;46;;;;Neutral;22.04.2026
44798/81/30;0;125;;;;Competitive;22.04.2026
44799/81/30;0;49;;;;Competitive;22.04.2026
45101/40/65;0;45;;;;Neutral;22.04.2026
45177/30/65;0;190;23/06/2026;08/06/2026;;Competitive;22.04.2026
45179/03/30;1;0;;;Dropped out;;22.04.2026
45179/13/30;0;74;;;;Competitive;22.04.2026
45194/25/65;0;39;;;;Competitive;22.04.2026
45196/01/30;0;54;01/08/2026;;;Competitive;22.04.2026
45196/01/33;0;43;01/08/2026;;;Competitive;22.04.2026
45196/01/35;0;71;;;;Competitive;22.04.2026
45196/01/44;0;61;;;;Competitive;22.04.2026
45200/01/30;8;378;;;;Neutral;22.04.2026
45200/01/33;0;38;;;;Neutral;22.04.2026
45200/01/35;0;78;;;;Neutral;22.04.2026
45201/01/30;0;48;04/07/2026;;;Competitive;22.04.2026
45201/01/33;0;128;;;;Competitive;22.04.2026
45201/01/35;0;77;;;;Competitive;22.04.2026
45252/01/97;0;85;;;;Neutral;22.04.2026
45252/11/97;0;57;;;;Neutral;22.04.2026
45265/01/30;0;457;06/07/2026;26/05/2026;;Competitive;22.04.2026
45265/01/31;0;78;;26/05/2026;;Competitive;22.04.2026
45274/02/02;0;42;;26/05/2026;;Neutral;22.04.2026
45274/02/30;0;75;;;;Neutral;22.04.2026
45292/81/30;4;0;;;Dropped out;;22.04.2026
45299/02/02;0;114;;;;Competitive;22.04.2026
45299/02/30;0;108;;;;Competitive;22.04.2026
45354/01/97;3;0;;;Dropped out;;22.04.2026
45386/07/62;0;26;19/07/2026;;;Competitive;22.04.2026
45386/20/33;0;37;06/07/2026;08/06/2026;;Competitive;22.04.2026
45386/20/62;0;243;;;;Competitive;22.04.2026
45386/30/33;0;89;19/07/2026;;;Competitive;22.04.2026
45386/30/62;0;166;01/08/2026;08/06/2026;;Competitive;22.04.2026
45401/40/65;0;44;;;;Neutral;22.04.2026
45401/50/65;0;41;;;;Neutral;22.04.2026
45402/07/30;0;38;;;;Competitive;22.04.2026
45402/13/30;0;58;;;;Competitive;22.04.2026
45402/15/30;0;32;;23/06/2026;;Competitive;22.04.2026
45402/30/30;0;85;;;;Competitive;22.04.2026
45405/01/30;0;64;;;;Neutral;22.04.2026
45405/04/30;0;38;;;;Neutral;22.04.2026
45405/07/30;0;71;;;;Neutral;22.04.2026
45405/13/30;0;84;;;;Neutral;22.04.2026
45408/03/62;0;1;08/06/2026;26/05/2026;;Competitive;22.04.2026
45408/13/99;0;98;27/06/2026;23/06/2026;;Competitive;22.04.2026
45408/15/99;0;52;27/06/2026;08/06/2026;;Competitive;22.04.2026
45408/18/62;0;38;27/06/2026;08/06/2026;;Competitive;22.04.2026
45408/22/62;0;83;08/06/2026;26/05/2026;;Competitive;22.04.2026
45408/30/62;0;46;27/06/2026;08/06/2026;;Competitive;22.04.2026
45409/04/30;0;79;;;;Competitive;22.04.2026
45409/04/38;0;48;;;;Competitive;22.04.2026
45409/13/30;0;117;;;;Competitive;22.04.2026
45409/13/38;0;53;;;;Competitive;22.04.2026
45410/05/30;0;47;;;;Competitive;22.04.2026
45410/05/41;0;42;;;;Competitive;22.04.2026
45410/09/30;0;54;;;;Competitive;22.04.2026
45410/09/41;0;55;;;;Competitive;22.04.2026
45410/13/30;0;42;;;;Competitive;22.04.2026
45410/13/41;0;43;19/07/2026;;;Competitive;22.04.2026
45410/15/30;0;33;04/07/2026;;;Competitive;22.04.2026
45410/15/41;0;0;04/07/2026;;;Competitive;22.04.2026
45455/36/30;0;49;;08/06/2026;;Neutral;22.04.2026
45455/36/31;0;43;;;;Neutral;22.04.2026
45459/04/30;0;134;;;;Competitive;22.04.2026
45474/06/30;0;98;;;;Neutral;22.04.2026
45491/13/41;0;48;;;;Neutral;22.04.2026
45491/13/55;0;44;;;;Neutral;22.04.2026
45491/31/41;0;0;;26/05/2026;;Neutral;22.04.2026
45491/31/55;0;37;;;;Neutral;22.04.2026
45491/40/41;0;29;;26/05/2026;;Neutral;22.04.2026
45491/40/55;0;42;;;;Neutral;22.04.2026
45492/01/36;0;103;;;;Neutral;22.04.2026
45492/03/36;0;58;;;;Neutral;22.04.2026
45492/13/36;0;102;;;;Neutral;22.04.2026
45493/03/33;0;55;;08/06/2026;;Competitive;22.04.2026
45493/04/33;0;30;;;;Competitive;22.04.2026
45493/30/33;0;56;19/07/2026;;;Competitive;22.04.2026
45493/30/62;0;38;08/06/2026;26/05/2026;;Competitive;22.04.2026
45494/01/65;0;185;;;;Competitive;22.04.2026
45494/03/65;0;84;;;;Competitive;22.04.2026
45494/06/65;0;133;;;;Competitive;22.04.2026
45494/15/65;0;85;;;;Competitive;22.04.2026
45494/16/65;0;253;15/07/2026;;;Competitive;22.04.2026
45494/16/96;0;36;04/07/2026;08/06/2026;;Competitive;22.04.2026
45494/19/96;0;38;08/06/2026;26/05/2026;;Competitive;22.04.2026
45496/01/30;0;86;;;;Competitive;22.04.2026
45496/01/33;0;51;;;;Competitive;22.04.2026
45496/01/35;0;43;;;;Competitive;22.04.2026
45496/01/44;0;65;;;;Competitive;22.04.2026
45497/03/02;0;35;06/07/2026;;;Competitive;22.04.2026
45497/20/02;0;84;04/07/2026;;;Competitive;22.04.2026
45497/30/02;0;88;;26/05/2026;;Competitive;22.04.2026
45500/01/30;0;264;;;;Competitive;22.04.2026
45500/01/44;0;262;;;;Competitive;22.04.2026
45500/01/66;0;341;;;;Competitive;22.04.2026
45502/01/30;0;31;;;;Competitive;22.04.2026
45504/01/30;0;59;01/08/2026;;;Competitive;22.04.2026
45504/01/31;0;51;04/07/2026;;;Competitive;22.04.2026
45504/01/36;0;86;04/07/2026;;;Competitive;22.04.2026
45505/01/30;0;88;;;;Neutral;22.04.2026
45508/01/62;0;55;06/07/2026;;;Competitive;22.04.2026
45509/81/30;0;96;;;;Competitive;22.04.2026
45509/81/38;0;49;19/07/2026;;;Competitive;22.04.2026
45510/01/30;0;37;;;;Competitive;22.04.2026
45510/01/41;0;45;;;;Competitive;22.04.2026
45561/01/36;0;35;;;;Competitive;22.04.2026
45561/01/70;2;93;08/06/2026;26/05/2026;;Competitive;22.04.2026
45561/01/72;2;198;;08/06/2026;;Competitive;22.04.2026
45564/01/31;2;189;;;;Competitive;22.04.2026
45564/01/36;0;56;;;;Competitive;22.04.2026
45565/01/30;1;56;01/08/2026;;;Competitive;22.04.2026
45566/01/62;2;0;;;Dropped out;;22.04.2026
45569/01/65;0;0;;;Liquidation;Competitive;22.04.2026
45574/02/02;0;57;;;;Neutral;22.04.2026
45574/02/30;0;87;;;;Neutral;22.04.2026
45576/01/02;1;49;;26/05/2026;;Competitive;22.04.2026
45576/01/30;0;51;01/08/2026;;;Competitive;22.04.2026
45578/01/30;2;0;;;Dropped out;;22.04.2026
45584/01/30;1;0;;;Dropped out;;22.04.2026
45586/20/33;0;41;;;;Competitive;22.04.2026
45586/20/62;2;103;;;;Competitive;22.04.2026
45588/01/30;0;67;;;;Competitive;22.04.2026
45589/01/30;0;161;;;;Competitive;22.04.2026
45590/81/02;0;241;;;;Competitive;22.04.2026
45590/81/30;0;316;;;;Competitive;22.04.2026
45591/01/41;0;40;10/07/2026;;;Neutral;22.04.2026
45591/01/55;0;23;;26/05/2026;;Neutral;22.04.2026
45592/01/36;0;254;;;;Neutral;22.04.2026
45593/01/33;0;135;;;;Competitive;22.04.2026
45594/01/65;0;35;06/07/2026;;;Competitive;22.04.2026
45595/01/31;0;144;;;;Competitive;22.04.2026
45595/01/51;0;133;04/07/2026;;;Competitive;22.04.2026
45595/01/66;0;48;;26/05/2026;;Competitive;22.04.2026
45596/01/30;0;112;;;;Competitive;22.04.2026
45596/01/33;0;158;;;;Competitive;22.04.2026
45596/01/35;0;44;19/07/2026;;;Competitive;22.04.2026
45596/01/44;0;17;04/07/2026;;;Competitive;22.04.2026
45597/20/02;0;54;19/07/2026;;;Competitive;22.04.2026
45599/01/30;0;50;;;;Competitive;22.04.2026
45708/01/62;0;37;04/07/2026;23/06/2026;;Competitive;22.04.2026
45709/81/30;0;0;06/07/2026;;;Competitive;22.04.2026
45709/81/38;0;38;04/07/2026;;;Competitive;22.04.2026
45765/01/30;0;34;;26/05/2026;;Competitive;22.04.2026
45774/04/02;0;57;;;;Neutral;22.04.2026
45774/04/30;0;96;;;;Neutral;22.04.2026
45785/01/02;0;0;;;Liquidation;Competitive;22.04.2026
45790/81/02;0;191;;;;Competitive;22.04.2026
45794/01/65;0;57;;;;Competitive;22.04.2026
45796/01/30;0;38;06/07/2026;;;Competitive;22.04.2026
45796/01/33;0;0;04/07/2026;23/06/2026;;Competitive;22.04.2026
45796/01/35;1;42;;;;Competitive;22.04.2026
45796/01/44;0;47;04/07/2026;;;Competitive;22.04.2026
45799/01/30;0;37;;;;Competitive;22.04.2026
45987/01/30;1;111;;;;Competitive;22.04.2026
45987/01/33;0;121;;;;Competitive;22.04.2026
46100/20/30;0;19;;;;Neutral;22.04.2026
46100/20/31;0;67;;;;Neutral;22.04.2026
46100/32/30;0;182;;;;Neutral;22.04.2026
46100/32/31;0;41;;;;Neutral;22.04.2026
46100/42/30;0;40;;;;Neutral;22.04.2026
46100/42/31;0;35;;;;Neutral;22.04.2026
46100/80/30;0;48;;;;Neutral;22.04.2026
46100/80/31;0;31;;;;Neutral;22.04.2026
46103/20/02;0;60;28/08/2026;;;Neutral;22.04.2026
46103/20/30;0;46;28/08/2026;;;Neutral;22.04.2026
46103/38/02;0;69;;;;Neutral;22.04.2026
46103/38/30;0;80;;;;Neutral;22.04.2026
46199/25/30;0;198;;;;Competitive;22.04.2026
46199/25/31;0;140;;;;Competitive;22.04.2026
46201/06/30;0;42;15/08/2026;;;Competitive;22.04.2026
46201/06/31;0;99;;;;Competitive;22.04.2026
46201/08/30;0;69;;;;Competitive;22.04.2026
46201/08/31;0;59;;18/05/2026;;Competitive;22.04.2026
46400/42/30;0;62;;;;Neutral;22.04.2026
46400/42/31;0;124;;;;Neutral;22.04.2026
46402/99/30;2;23;;;;Neutral;22.04.2026
46402/99/31;0;64;;;;Neutral;22.04.2026
46403/48/02;0;33;24/07/2026;;;Neutral;22.04.2026
46403/48/30;0;58;15/08/2026;;;Neutral;22.04.2026
46403/92/02;0;52;;;;Premium;22.04.2026
46403/92/30;0;40;;;;Premium;22.04.2026
46403/99/02;0;32;24/07/2026;;;Premium;22.04.2026
46403/99/30;0;42;28/08/2026;;;Premium;22.04.2026
46404/80/97;0;56;;;;Vibes;22.04.2026
46404/99/97;0;0;01/07/2026;12/06/2026;;Vibes;22.04.2026
46413/03/61;0;118;;;;Competitive;22.04.2026
46413/13/61;0;59;;;;Competitive;22.04.2026
46417/06/10;0;33;;;;Neutral;22.04.2026
46417/06/30;2;0;;;Dropped out;;22.04.2026
46421/60/30;0;0;15/07/2026;;New Phase 1;Vibes;22.04.2026
46422/76/30;0;0;;;New Phase 1;Vibes;22.04.2026
46511/05/02;6;0;;;Dropped out;;22.04.2026
46511/05/30;4;0;;;Dropped out;;22.04.2026
46516/01/31;0;100;;;;Neutral;22.04.2026
46516/01/35;0;0;;;Liquidation;Neutral;22.04.2026
46516/01/53;0;51;15/07/2026;;;Neutral;22.04.2026
46520/03/02;0;70;;;;Competitive;22.04.2026
46520/03/08;0;95;;;;Competitive;22.04.2026
46520/03/17;0;65;;;;Competitive;22.04.2026
46619/03/41;0;125;;;;Competitive;22.04.2026
47500/81/11;0;145;;;;Competitive;22.04.2026
47500/81/17;0;500;;;;Competitive;22.04.2026
47502/81/36;0;500;;;;Competitive;22.04.2026
47502/81/38;0;500;03/08/2026;;;Competitive;22.04.2026
47503/81/31;0;155;;;;Competitive;22.04.2026
47503/81/36;0;238;;;;Competitive;22.04.2026
47506/81/36;2;105;;;;Competitive;22.04.2026
47506/81/38;2;500;;;;Competitive;22.04.2026
47506/81/43;2;500;;;;Competitive;22.04.2026
47508/81/30;2;237;;;;Competitive;22.04.2026
47508/81/31;2;192;;;;Competitive;22.04.2026
47509/81/30;0;0;03/08/2026;18/05/2026;New Phase 1;Essential;22.04.2026
47509/81/31;0;0;03/08/2026;18/05/2026;New Phase 1;Essential;22.04.2026
47511/81/43;0;0;12/06/2026;18/05/2026;New Phase 1;Vibes;22.04.2026
47512/81/43;0;0;;18/05/2026;New Phase 1;Vibes;22.04.2026
47550/81/30;0;0;01/06/2026;;New Phase 1;Essential;22.04.2026
47550/81/41;0;0;01/06/2026;;New Phase 1;Essential;22.04.2026
47551/81/38;0;0;01/06/2026;;New Phase 1;Essential;22.04.2026
47551/81/41;0;0;01/06/2026;;New Phase 1;Essential;22.04.2026
49006/05/30;0;618;15/07/2026;;;Competitive;22.04.2026
49006/05/31;1;494;01/07/2026;;;Competitive;22.04.2026
49006/05/36;2;0;;;Dropped out;;22.04.2026
49006/15/30;0;843;;;;Competitive;22.04.2026
49006/15/31;0;278;;;;Competitive;22.04.2026
49006/16/30;0;173;31/07/2026;21/05/2026;;Competitive;22.04.2026
49006/16/31;0;260;;;;Competitive;22.04.2026
49008/05/60;9;108;15/07/2026;;;Competitive;22.04.2026
49009/05/30;0;527;01/07/2026;;;Competitive;22.04.2026
49009/05/31;0;195;08/08/2026;;;Competitive;22.04.2026
49009/05/36;1;0;;;Dropped out;;22.04.2026
49010/05/30;0;497;;;;Competitive;22.04.2026
49010/05/31;7;359;;;;Competitive;22.04.2026
49016/05/60;8;0;;;Dropped out;;22.04.2026
49020/05/10;4;0;;;Dropped out;;22.04.2026
49021/04/60;0;392;;;;Competitive;22.04.2026
49021/04/67;0;804;;;;Competitive;22.04.2026
49022/04/60;0;388;15/08/2026;;;Competitive;22.04.2026
49022/04/67;0;272;01/07/2026;;;Competitive;22.04.2026
49023/04/67;7;0;;;Dropped out;;22.04.2026
49023/14/60;1;0;;;Dropped out;;22.04.2026
49029/01/31;5;234;;;;Competitive;22.04.2026
49032/04/62;2;0;;;Dropped out;;22.04.2026
49032/05/60;0;908;;;;Competitive;22.04.2026
49032/05/62;0;1000;08/08/2026;;;Competitive;22.04.2026
49032/95/62;0;0;01/07/2026;21/05/2026;;Competitive;22.04.2026
49033/05/60;0;242;;;;Competitive;22.04.2026
49033/05/62;0;1000;08/08/2026;;;Competitive;22.04.2026
49033/95/62;0;364;;;;Competitive;22.04.2026
49034/04/62;10;412;;;;Competitive;22.04.2026
49034/05/60;0;588;;;;Competitive;22.04.2026
49034/05/62;0;1000;;;;Competitive;22.04.2026
49034/95/62;0;151;15/07/2026;;;Competitive;22.04.2026
49035/05/62;0;451;15/07/2026;;;Competitive;22.04.2026
49035/20/62;0;423;;21/05/2026;;Competitive;22.04.2026
49035/25/62;4;541;;;;Competitive;22.04.2026
49035/30/62;0;542;15/08/2026;;;Competitive;22.04.2026
49035/95/62;0;392;;;;Competitive;22.04.2026
49035/96/62;0;419;;;;Competitive;22.04.2026
49035/97/62;0;442;;;;Competitive;22.04.2026
49035/98/62;0;439;;;;Competitive;22.04.2026
49036/03/62;0;252;15/07/2026;;;Competitive;22.04.2026
49036/95/62;0;445;;;;Competitive;22.04.2026
49041/12/30;0;320;;;;Competitive;22.04.2026
49041/12/31;0;106;;;New Phase 2;Competitive;22.04.2026
49042/04/62;0;435;;;;Competitive;22.04.2026
49042/05/60;0;441;;;;Competitive;22.04.2026
49042/05/62;3;1000;09/07/2026;21/05/2026;;Competitive;22.04.2026
49042/95/62;0;0;08/08/2026;21/05/2026;;Competitive;22.04.2026
49043/03/62;0;507;31/07/2026;;;Competitive;22.04.2026
49043/95/62;0;318;;;;Competitive;22.04.2026
49045/03/60;0;493;;;;Competitive;22.04.2026
49045/03/62;0;1000;31/07/2026;;;Competitive;22.04.2026
49045/95/62;0;309;;;;Competitive;22.04.2026
49046/03/60;0;266;;21/05/2026;;Competitive;22.04.2026
49046/03/62;3;614;01/07/2026;;;Competitive;22.04.2026
49046/95/62;0;248;;;;Competitive;22.04.2026
49047/30/65;4;0;;;Dropped out;;22.04.2026
49048/05/61;6;288;;;;Competitive;22.04.2026
49051/04/61;6;0;;;Dropped out;;22.04.2026
49054/04/62;0;0;20/06/2026;;New Phase 1;Competitive;22.04.2026
49057/04/62;0;0;20/06/2026;;New Phase 1;Competitive;22.04.2026
49065/05/65;4;0;;;Dropped out;;22.04.2026
49066/08/61;0;306;;;;Competitive;22.04.2026
49067/08/61;0;294;;;;Competitive;22.04.2026
49068/05/62;0;399;;;;Competitive;22.04.2026
49069/05/62;0;432;;;;Competitive;22.04.2026
49070/08/62;0;391;;;;Competitive;22.04.2026
49080/07/60;0;1000;;;;Competitive;22.04.2026
49081/07/60;0;1000;;;;Competitive;22.04.2026
49083/07/60;0;663;;;;Competitive;22.04.2026
49084/07/60;0;130;;;;Competitive;22.04.2026
49085/07/60;0;330;;;;Competitive;22.04.2026
49086/07/60;0;322;;;;Competitive;22.04.2026
49087/07/60;0;157;31/07/2026;;;Competitive;22.04.2026
49088/07/60;0;335;;;;Competitive;22.04.2026
49089/07/60;0;324;;;;Competitive;22.04.2026
49093/04/30;0;572;15/08/2026;;;Competitive;22.04.2026
49094/04/30;0;500;08/08/2026;21/05/2026;;Competitive;22.04.2026
49094/12/30;0;435;08/08/2026;;;Competitive;22.04.2026
49095/03/31;0;492;15/07/2026;;;Competitive;22.04.2026
49096/05/30;0;269;15/08/2026;;;Competitive;22.04.2026
49097/03/31;0;331;08/08/2026;;;Competitive;22.04.2026
49097/09/31;0;0;01/07/2026;;New Phase 1;Competitive;22.04.2026
49098/05/30;0;309;;;;Competitive;22.04.2026
49099/05/30;0;502;08/08/2026;;;Competitive;22.04.2026
50000/00/30;0;221;;;;Competitive;22.04.2026
50000/00/31;0;199;;;;Competitive;22.04.2026
50004/22/00;214;0;;;Dropped out;;22.04.2026
50105/32/31;105;0;;;Dropped out;;22.04.2026
50310/10/00;5;0;;;Dropped out;;22.04.2026
51402/01/38;0;0;15/08/2026;;New Phase 1;Essential;22.04.2026
51402/04/38;0;0;15/08/2026;;New Phase 1;Essential;22.04.2026
51500/20/38;0;59;;26/05/2026;;Competitive;22.04.2026
51500/20/55;0;77;10/08/2026;;;Competitive;22.04.2026
51500/20/66;0;500;;;;Competitive;22.04.2026
51500/20/68;0;168;;;;Competitive;22.04.2026
51901/01/02;0;81;;;;Competitive;22.04.2026
51901/02/02;0;86;;;;Competitive;22.04.2026
51901/13/02;0;89;;;;Competitive;22.04.2026
52100/54/02;0;34;29/07/2026;;;Premium;22.04.2026
52400/59/02;0;52;15/07/2026;12/06/2026;;Premium;22.04.2026
52400/74/02;0;0;01/06/2026;12/06/2026;;Premium;22.04.2026
52401/54/05;0;37;01/06/2026;18/05/2026;New Phase 2;Premium;22.04.2026
52501/19/02;0;0;;;;Premium;22.04.2026
52501/19/05;0;0;;12/06/2026;New Phase 1;Premium;22.04.2026
52502/01/02;0;71;;;;Competitive;22.04.2026
52502/01/08;0;25;15/07/2026;;;Competitive;22.04.2026
52502/01/11;0;0;;;;Competitive;22.04.2026
52700/28/02;0;39;29/07/2026;12/06/2026;;Premium;22.04.2026
52701/38/05;0;0;29/07/2026;12/06/2026;New Phase 1;Premium;22.04.2026
53100/30/30;0;104;15/07/2026;;;Essential;22.04.2026
53102/24/30;0;86;;;;Competitive;22.04.2026
53103/22/30;0;139;;;;Competitive;22.04.2026
53104/22/30;0;65;15/07/2026;;;Competitive;22.04.2026
53112/36/41;0;40;15/07/2026;;New Phase 2;Essential;22.04.2026
53113/36/41;0;46;29/07/2026;;New Phase 2;Essential;22.04.2026
53117/58/41;0;0;16/07/2026;;New Phase 1;Essential;22.04.2026
53901/01/30;0;154;04/07/2026;12/06/2026;;Competitive;22.04.2026
53901/01/41;0;191;;;;Competitive;22.04.2026
53901/12/30;0;97;04/07/2026;;;Competitive;22.04.2026
53901/12/41;0;106;;;;Competitive;22.04.2026
53901/13/30;0;147;11/07/2026;;;Competitive;22.04.2026
53901/13/41;0;87;;;;Competitive;22.04.2026
53909/01/30;0;191;;;;Competitive;22.04.2026
53909/02/30;0;128;;;;Competitive;22.04.2026
53909/03/30;0;225;;;;Competitive;22.04.2026
53910/01/30;0;255;12/06/2026;21/05/2026;;Competitive;22.04.2026
53910/01/31;0;65;11/07/2026;;;Competitive;22.04.2026
53910/02/30;0;246;04/07/2026;21/05/2026;;Competitive;22.04.2026
53910/02/31;0;134;;;;Competitive;22.04.2026
53910/03/30;0;0;12/06/2026;21/05/2026;;Competitive;22.04.2026
53910/03/31;0;113;11/07/2026;;;Competitive;22.04.2026
53914/01/41;0;85;29/07/2026;;New Phase 2;Essential;22.04.2026
53914/02/41;0;85;29/07/2026;;New Phase 2;Essential;22.04.2026
53914/03/41;0;89;29/07/2026;;New Phase 2;Essential;22.04.2026
53914/13/41;0;53;29/07/2026;;New Phase 2;Essential;22.04.2026
54500/01/34;0;76;;;;Essential;22.04.2026
54500/01/38;0;0;;12/06/2026;;Essential;22.04.2026
54500/01/43;1;41;;12/06/2026;;Essential;22.04.2026
54500/01/66;1;30;;12/06/2026;;Essential;22.04.2026
55900/00/00;0;21;;;New Phase 1;Premium;22.04.2026
55900/00/05;0;53;15/07/2026;;;Premium;22.04.2026
55900/00/08;0;72;15/07/2026;;;Premium;22.04.2026
55900/01/05;0;369;;;;Premium;22.04.2026
55900/01/08;0;374;;;;Premium;22.04.2026
55900/03/05;0;67;01/06/2026;;;Premium;22.04.2026
55900/03/08;0;69;01/06/2026;;;Premium;22.04.2026
55900/04/05;0;69;15/07/2026;;;Premium;22.04.2026
55900/04/08;0;76;15/07/2026;;;Premium;22.04.2026
55900/05/05;0;72;01/06/2026;;;Premium;22.04.2026
55900/05/08;0;73;01/06/2026;;;Premium;22.04.2026
55900/07/05;0;66;01/06/2026;;;Premium;22.04.2026
55900/07/08;0;66;01/06/2026;;;Premium;22.04.2026
55900/08/05;0;166;01/06/2026;;;Premium;22.04.2026
55900/08/08;0;173;01/06/2026;;;Premium;22.04.2026
55900/09/05;0;65;01/06/2026;;;Premium;22.04.2026
55900/09/08;0;63;01/06/2026;;;Premium;22.04.2026
55900/10/05;0;167;;;;Premium;22.04.2026
55900/10/08;0;179;;;;Premium;22.04.2026
55900/11/05;0;177;01/06/2026;;;Premium;22.04.2026
55900/11/08;0;192;01/06/2026;;;Premium;22.04.2026
55900/13/05;0;94;01/06/2026;;;Premium;22.04.2026
55900/13/08;0;100;01/06/2026;;;Premium;22.04.2026
55900/14/05;0;65;01/06/2026;;;Premium;22.04.2026
55900/14/08;0;73;01/06/2026;;;Premium;22.04.2026
55900/15/99;0;55;01/06/2026;;;Premium;22.04.2026
55900/16/31;0;79;;;;Premium;22.04.2026
55900/17/05;0;78;;;;Premium;22.04.2026
55900/17/08;0;81;;;;Premium;22.04.2026
55900/18/05;0;65;;;;Premium;22.04.2026
55900/18/08;0;64;;;New Phase 2;Premium;22.04.2026
55900/19/05;0;92;;;;Premium;22.04.2026
55900/19/08;0;100;;;;Premium;22.04.2026
55900/20/05;0;3;01/06/2026;;;Premium;22.04.2026
55900/20/08;0;57;01/06/2026;;;Premium;22.04.2026
55900/50/05;0;0;15/07/2026;;;Premium;22.04.2026
55900/50/08;0;0;15/07/2026;;;Premium;22.04.2026
55900/97/05;0;80;;;;Premium;22.04.2026
55900/97/08;0;73;;;;Premium;22.04.2026
55900/98/05;0;79;;;;Premium;22.04.2026
55900/98/08;0;79;;;;Premium;22.04.2026
55901/08/05;0;72;01/06/2026;;;Premium;22.04.2026
55901/08/08;0;73;01/06/2026;;;Premium;22.04.2026
55901/16/05;0;83;01/06/2026;;;Premium;22.04.2026
55901/16/08;0;91;01/06/2026;;;Premium;22.04.2026
55902/10/05;0;85;01/06/2026;;;Premium;22.04.2026
55902/10/08;0;96;01/06/2026;;;Premium;22.04.2026
55902/20/05;0;86;01/06/2026;;;Premium;22.04.2026
55902/20/08;0;105;01/06/2026;;;Premium;22.04.2026
55903/12/05;0;65;01/06/2026;;;Premium;22.04.2026
55903/12/08;0;68;01/06/2026;;;Premium;22.04.2026
55903/24/05;0;61;01/06/2026;;;Premium;22.04.2026
55903/24/08;0;69;01/06/2026;;;Premium;22.04.2026
55904/06/05;0;105;01/06/2026;;;Premium;22.04.2026
55904/06/08;0;110;01/06/2026;;;Premium;22.04.2026
55904/08/05;0;109;01/06/2026;;;Premium;22.04.2026
55904/08/08;0;109;01/06/2026;;;Premium;22.04.2026
55905/08/05;0;94;01/06/2026;;;Premium;22.04.2026
55905/08/08;0;98;01/06/2026;;;Premium;22.04.2026
55906/08/05;0;91;01/06/2026;;;Premium;22.04.2026
55906/08/08;0;101;01/06/2026;;;Premium;22.04.2026
55908/08/05;0;69;01/06/2026;;;Premium;22.04.2026
55908/08/08;0;69;01/06/2026;;;Premium;22.04.2026
55909/10/05;0;60;01/06/2026;;;Premium;22.04.2026
55909/10/08;0;54;01/06/2026;;;Premium;22.04.2026
55910/08/05;0;0;15/07/2026;;New Phase 1;Premium;22.04.2026
55910/08/08;0;0;15/07/2026;;New Phase 1;Premium;22.04.2026
55950/08/05;0;122;;;New Phase 2;Premium;22.04.2026
55950/08/08;0;122;;;New Phase 2;Premium;22.04.2026
55951/12/05;0;118;;;New Phase 2;Premium;22.04.2026
55951/12/08;0;122;;;New Phase 2;Premium;22.04.2026
55953/15/05;0;0;01/06/2026;;New Phase 1;Premium;22.04.2026
55953/15/08;0;0;01/06/2026;;New Phase 1;Premium;22.04.2026
56505/06/15;0;35;;;;Premium;22.04.2026
56505/06/30;0;35;;;;Premium;22.04.2026
56505/06/32;0;34;;;;Premium;22.04.2026
57150/10/30;0;65;;;;Competitive;22.04.2026
57250/10/30;0;69;;;;Competitive;22.04.2026
57251/06/30;0;34;;;;Premium;22.04.2026
57700/03/65;0;27;;;Liquidation;Competitive;22.04.2026
57900/01/65;0;251;;;;Competitive;22.04.2026
57900/02/65;0;29;;;;Competitive;22.04.2026
57900/04/65;0;190;;;;Competitive;22.04.2026
57900/13/65;0;264;;;;Competitive;22.04.2026
63800/01/30;2;116;;;;Essential;22.04.2026
63800/02/30;2;115;;;;Essential;22.04.2026
65206/11/33;3;0;14/07/2026;;New Phase 2;Essential;22.04.2026
65206/11/38;4;0;14/07/2026;;New Phase 2;Essential;22.04.2026
65401/04/05;0;58;;;New Phase 2;Essential;22.04.2026
65401/04/41;0;52;;;New Phase 2;Essential;22.04.2026
65404/40/38;0;52;15/07/2026;;New Phase 2;Essential;22.04.2026
65404/40/41;0;50;15/07/2026;;New Phase 2;Essential;22.04.2026
65404/40/53;0;0;14/07/2026;;New Phase 2;Essential;22.04.2026
65405/56/38;0;40;14/07/2026;;New Phase 2;Vibes;22.04.2026
65405/56/41;0;38;14/07/2026;;New Phase 2;Vibes;22.04.2026
65500/01/33;0;30;14/07/2026;;New Phase 2;Essential;22.04.2026
65500/01/55;0;31;15/07/2026;;New Phase 2;Essential;22.04.2026
65501/01/05;0;69;;;New Phase 2;Essential;22.04.2026
65501/01/41;0;65;;;New Phase 2;Essential;22.04.2026
65502/33/38;0;40;14/07/2026;;New Phase 2;Vibes;22.04.2026
65502/33/41;0;41;14/07/2026;;New Phase 2;Vibes;22.04.2026
65502/33/53;0;31;14/07/2026;;New Phase 2;Vibes;22.04.2026
65502/52/38;0;29;14/07/2026;;New Phase 2;Vibes;22.04.2026
65502/52/41;0;31;14/07/2026;;New Phase 2;Vibes;22.04.2026
65502/52/53;0;32;14/07/2026;;New Phase 2;Vibes;22.04.2026
65503/01/38;0;47;14/07/2026;;New Phase 2;Vibes;22.04.2026
65503/01/41;0;48;14/07/2026;;New Phase 2;Vibes;22.04.2026
65506/01/33;2;0;15/07/2026;;New Phase 2;Essential;22.04.2026
65506/01/38;2;33;15/07/2026;;New Phase 2;Essential;22.04.2026
65701/02/05;0;52;;;New Phase 2;Essential;22.04.2026
65701/02/41;0;19;15/07/2026;;New Phase 2;Essential;22.04.2026
65702/01/38;0;36;14/07/2026;;New Phase 2;Vibes;22.04.2026
65702/01/41;0;36;14/07/2026;;New Phase 2;Vibes;22.04.2026
65705/01/38;0;41;14/07/2026;;New Phase 2;Vibes;22.04.2026
65705/01/41;0;40;14/07/2026;;New Phase 2;Vibes;22.04.2026
65706/01/33;2;30;15/07/2026;;New Phase 2;Essential;22.04.2026
65706/01/38;1;12;15/07/2026;;New Phase 2;Essential;22.04.2026
65901/01/05;0;110;;;New Phase 2;Essential;22.04.2026
65901/01/41;0;103;;;New Phase 2;Essential;22.04.2026
65901/02/05;0;69;;;New Phase 2;Essential;22.04.2026
65901/02/41;0;62;;;New Phase 2;Essential;22.04.2026
65901/04/05;0;75;;;New Phase 2;Essential;22.04.2026
65901/04/41;0;70;;;New Phase 2;Essential;22.04.2026
65901/13/05;0;73;;;New Phase 2;Essential;22.04.2026
65901/13/41;0;67;;;New Phase 2;Essential;22.04.2026
66800/07/30;0;78;;;New Phase 2;Essential;22.04.2026
66800/08/30;0;79;;;New Phase 2;Essential;22.04.2026
68200/06/15;0;52;;;;Premium;22.04.2026
68200/06/96;0;47;;;;Premium;22.04.2026
68210/06/30;0;50;;;;Neutral;22.04.2026
68210/09/30;0;37;26/06/2026;;;Neutral;22.04.2026
68211/81/30;0;41;01/06/2026;;;Neutral;22.04.2026
68211/82/30;0;0;;26/05/2026;;Neutral;22.04.2026
68400/75/15;0;38;;;;Premium;22.04.2026
68400/75/96;0;31;26/06/2026;;;Premium;22.04.2026
68400/92/15;0;42;;;;Premium;22.04.2026
68400/92/96;0;33;;;;Premium;22.04.2026
68500/05/15;0;55;;;;Premium;22.04.2026
68500/05/96;0;54;;;;Premium;22.04.2026
68510/11/30;0;139;;;;Neutral;22.04.2026
68511/81/30;0;52;;;;Neutral;22.04.2026
68700/05/15;0;56;;;;Premium;22.04.2026
68700/05/96;0;40;;;;Premium;22.04.2026
68710/33/30;0;58;;;;Neutral;22.04.2026
68711/81/30;0;65;;;;Neutral;22.04.2026
68711/82/30;0;50;;;;Neutral;22.04.2026
69200/06/30;2;269;;;;Competitive;22.04.2026
69200/06/31;0;107;;;;Competitive;22.04.2026
69201/06/30;0;136;01/07/2026;;;Competitive;22.04.2026
69201/06/31;0;244;;;;Competitive;22.04.2026
69800/01/30;0;401;;;;Competitive;22.04.2026
69800/01/31;0;270;;;;Competitive;22.04.2026
69800/02/30;0;456;;;;Competitive;22.04.2026
69800/02/31;0;500;;;;Competitive;22.04.2026
69801/01/30;0;166;01/07/2026;;;Competitive;22.04.2026
69801/01/31;0;500;;;;Competitive;22.04.2026
69801/02/30;0;300;;;;Competitive;22.04.2026
69801/02/31;0;500;;;;Competitive;22.04.2026
69802/01/30;0;500;01/07/2026;;;Competitive;22.04.2026
69802/02/30;0;214;01/07/2026;;;Competitive;22.04.2026
69803/01/30;0;175;;;;Competitive;22.04.2026
69803/02/30;0;473;01/07/2026;;;Competitive;22.04.2026
69805/12/30;0;209;01/07/2026;;;Competitive;22.04.2026
69806/12/30;0;157;01/07/2026;;;Competitive;22.04.2026
69807/09/97;0;0;01/06/2026;;New Phase 1;Essential;22.04.2026
69807/18/97;0;0;01/06/2026;;New Phase 1;Essential;22.04.2026
69807/19/97;0;0;01/06/2026;;New Phase 1;Essential;22.04.2026
69808/12/99;0;0;15/07/2026;;New Phase 1;Essential;22.04.2026
69809/12/99;0;0;15/07/2026;;New Phase 1;Essential;22.04.2026
69810/07/30;0;0;15/07/2026;;New Phase 1;Essential;22.04.2026
69810/07/97;0;0;01/06/2026;;New Phase 1;Essential;22.04.2026
69811/07/30;0;0;15/07/2026;;New Phase 1;Essential;22.04.2026
69811/07/97;0;0;01/06/2026;;New Phase 1;Essential;22.04.2026
70184/03/11;0;0;;;Liquidation;Competitive;22.04.2026
70284/01/11;0;0;;;Liquidation;Competitive;22.04.2026
70483/03/11;4;10;;;;Competitive;22.04.2026
70583/01/11;2;0;;;Dropped out;;22.04.2026
71100/40/09;0;245;;;;Neutral;22.04.2026
71101/48/02;0;312;;;;Neutral;22.04.2026
71102/40/30;0;73;15/07/2026;;;Neutral;22.04.2026
71102/40/31;1;86;;;;Neutral;22.04.2026
71367/50/31;0;264;;;;Neutral;22.04.2026
71590/03/31;0;171;;;;Competitive;22.04.2026
71591/03/66;0;87;;;;Competitive;22.04.2026
71592/03/85;0;106;;;;Competitive;22.04.2026
71593/03/30;0;78;;;;Competitive;22.04.2026
71767/50/31;0;59;;;;Neutral;22.04.2026
73406/01/30;0;152;;;;Neutral;22.04.2026
73406/05/30;0;40;;;;Neutral;22.04.2026
74114/01/02;0;138;;;;Competitive;22.04.2026
74114/01/30;0;55;;;;Competitive;22.04.2026
74114/03/02;0;163;;;;Competitive;22.04.2026
74114/03/30;0;0;;;;Competitive;22.04.2026
74116/03/02;0;83;;;;Neutral;22.04.2026
74116/03/30;0;71;;;;Neutral;22.04.2026
74119/15/30;0;19;14/07/2026;;;Neutral;22.04.2026
74217/01/44;0;0;;;Liquidation;Neutral;22.04.2026
74217/01/66;0;0;;;Liquidation;Neutral;22.04.2026
74403/04/30;0;191;;;;Neutral;22.04.2026
74403/06/30;0;0;;;Liquidation;Neutral;22.04.2026
74404/01/65;0;104;;;;Neutral;22.04.2026
74404/05/65;0;47;;;;Neutral;22.04.2026
74404/13/65;0;49;;;;Neutral;22.04.2026
74405/01/62;0;65;21/07/2026;;;Competitive;22.04.2026
74405/03/62;0;114;;;;Competitive;22.04.2026
74405/13/62;0;42;;26/05/2026;;Competitive;22.04.2026
74410/01/65;0;57;;;;Competitive;22.04.2026
74417/01/33;6;0;;;Dropped out;;22.04.2026
74417/01/66;37;0;;;Dropped out;;22.04.2026
74419/07/30;0;39;;;;Neutral;22.04.2026
74419/20/30;0;0;;26/05/2026;;Neutral;22.04.2026
74419/25/30;0;32;;26/05/2026;;Neutral;22.04.2026
74420/05/65;0;0;30/07/2026;;New Phase 1;Premium;22.04.2026
74420/07/65;0;35;;;;Premium;22.04.2026
74420/12/65;0;11;15/07/2026;;;Premium;22.04.2026
74420/14/65;0;38;;;;Premium;22.04.2026
74519/05/30;0;12;14/07/2026;;;Neutral;22.04.2026
76164/40/30;0;34;24/07/2026;;;Competitive;22.04.2026
76464/01/30;0;40;24/07/2026;;;Competitive;22.04.2026
76464/02/30;0;44;;;;Competitive;22.04.2026
76464/03/30;0;33;24/07/2026;;;Competitive;22.04.2026
77185/30/30;1;0;;;Dropped out;;22.04.2026
77185/40/30;1;0;;;Dropped out;;22.04.2026
77280/05/30;0;0;15/07/2026;;;Competitive;22.04.2026
77280/05/31;0;0;01/07/2026;;;Competitive;22.04.2026
77281/01/36;4;0;;;Dropped out;;22.04.2026
77286/02/30;0;81;;;;Neutral;22.04.2026
77286/02/31;0;63;;;;Neutral;22.04.2026
77287/05/30;0;87;;;;Neutral;22.04.2026
77288/03/02;0;496;;;;Competitive;22.04.2026
77288/03/30;0;182;;;;Competitive;22.04.2026
77288/03/31;0;340;;;;Competitive;22.04.2026
77289/03/02;0;222;;;;Competitive;22.04.2026
77289/03/30;0;194;;;;Competitive;22.04.2026
77289/03/31;1;56;01/07/2026;;;Competitive;22.04.2026
77292/12/33;0;2;09/07/2026;;New Phase 2;Essential;22.04.2026
77292/12/41;0;0;09/07/2026;;New Phase 2;Essential;22.04.2026
77292/12/55;0;1;09/07/2026;;New Phase 2;Essential;22.04.2026
77489/01/66;0;0;;;;Competitive;22.04.2026
77489/33/33;0;82;;;;Competitive;22.04.2026
77489/33/41;0;0;;;;Competitive;22.04.2026
77489/33/66;0;0;;;;Competitive;22.04.2026
77490/26/15;0;66;;;;Neutral;22.04.2026
77490/26/34;0;19;15/07/2026;;;Neutral;22.04.2026
77492/07/41;0;41;15/07/2026;;New Phase 2;Essential;22.04.2026
77492/07/55;0;41;15/07/2026;;New Phase 2;Essential;22.04.2026
77493/07/33;0;52;;;New Phase 2;Essential;22.04.2026
77493/07/41;0;47;;;New Phase 2;Essential;22.04.2026
77500/01/31;0;500;;;;Competitive;22.04.2026
77500/01/36;0;500;;;;Competitive;22.04.2026
77500/01/43;0;500;;;;Competitive;22.04.2026
77500/01/66;0;500;;;;Competitive;22.04.2026
77591/15/33;0;63;;;New Phase 2;Essential;22.04.2026
77591/15/41;0;63;;;New Phase 2;Essential;22.04.2026
77974/15/21;24;0;;;Dropped out;;22.04.2026
77975/05/30;1;0;;;Dropped out;;22.04.2026
77977/01/30;0;221;;;;Competitive;22.04.2026
77977/12/30;0;500;;;;Competitive;22.04.2026
77977/13/30;0;290;;;;Competitive;22.04.2026
77978/01/02;6;164;;;;Competitive;22.04.2026
77978/01/30;0;180;;;;Competitive;22.04.2026
77978/02/02;0;175;;;;Competitive;22.04.2026
77978/02/30;0;181;;;;Competitive;22.04.2026
77978/04/02;0;64;;;;Competitive;22.04.2026
77978/04/30;0;51;;;;Competitive;22.04.2026
77978/13/02;0;138;;;;Competitive;22.04.2026
77978/13/30;0;141;;;;Competitive;22.04.2026
77979/01/02;0;190;;12/06/2026;;Competitive;22.04.2026
77979/01/30;0;97;;;;Competitive;22.04.2026
77979/02/02;0;152;;;;Competitive;22.04.2026
77979/02/30;0;85;;;;Competitive;22.04.2026
77979/04/02;0;104;;;;Competitive;22.04.2026
77979/04/30;0;75;;;;Competitive;22.04.2026
77979/13/02;0;226;;;;Competitive;22.04.2026
77979/13/30;0;85;;12/06/2026;;Competitive;22.04.2026
77980/01/30;0;40;;12/06/2026;;Competitive;22.04.2026
77980/02/30;0;113;;;;Competitive;22.04.2026
77980/04/30;0;39;;;;Competitive;22.04.2026
77980/13/30;0;93;;;;Competitive;22.04.2026
78100/42/30;0;89;;;;Competitive;22.04.2026
78101/60/30;0;104;;;;Competitive;22.04.2026
78102/30/41;0;250;15/08/2026;;;Competitive;22.04.2026
78102/72/41;0;188;;;;Competitive;22.04.2026
78150/35/60;0;465;;;;Neutral;22.04.2026
78150/48/60;0;481;;;;Neutral;22.04.2026
78151/12/61;1;40;;;;Competitive;22.04.2026
78151/18/61;0;65;;;;Competitive;22.04.2026
78174/40/30;0;409;01/06/2026;;;Competitive;22.04.2026
78174/40/31;0;500;;;;Competitive;22.04.2026
78174/40/33;0;75;;;;Competitive;22.04.2026
78174/40/36;0;147;;;;Competitive;22.04.2026
78199/01/30;0;353;15/07/2026;;;Competitive;22.04.2026
78200/22/30;0;24;15/07/2026;;;Neutral;22.04.2026
78200/33/30;0;42;15/07/2026;;;Neutral;22.04.2026
78274/01/30;0;136;;;;Competitive;22.04.2026
78374/50/30;0;60;;;;Competitive;22.04.2026
78385/20/31;2;0;;;Dropped out;;22.04.2026
78385/32/31;1;0;;;Dropped out;;22.04.2026
78392/01/30;1;0;;;Dropped out;;22.04.2026
78394/03/30;1;0;;;Dropped out;;22.04.2026
78403/40/30;0;94;;;;Essential;22.04.2026
78403/40/41;0;95;;;;Essential;22.04.2026
78404/59/31;0;0;15/07/2026;;New Phase 1;Essential;22.04.2026
78502/14/41;0;123;;;New Phase 2;Essential;22.04.2026
78583/34/30;1;0;;;Dropped out;;22.04.2026
78595/01/02;0;89;;;;Competitive;22.04.2026
78595/01/30;0;112;;;;Competitive;22.04.2026
78596/01/30;0;46;15/07/2026;;;Competitive;22.04.2026
78598/01/30;0;500;;;;Competitive;22.04.2026
78599/01/30;0;89;;;;Competitive;22.04.2026
79110/30/30;0;153;30/07/2026;;;Competitive;22.04.2026
79110/30/31;0;94;;;;Competitive;22.04.2026
79110/35/30;0;0;;;Liquidation;Competitive;22.04.2026
79110/35/31;0;72;;;;Competitive;22.04.2026
79110/40/31;0;363;;;;Competitive;22.04.2026
79111/24/30;0;79;25/08/2026;;;Competitive;22.04.2026
79111/24/31;0;54;15/08/2026;;;Competitive;22.04.2026
79111/30/30;0;43;25/08/2026;;;Competitive;22.04.2026
79111/30/31;0;60;;;;Competitive;22.04.2026
79111/36/30;0;122;;;;Competitive;22.04.2026
79111/36/31;0;78;;;;Competitive;22.04.2026
79111/40/30;0;114;;;;Competitive;22.04.2026
79111/40/31;0;62;;;;Competitive;22.04.2026
79158/01/12;0;83;;;;Competitive;22.04.2026
79158/01/31;0;95;15/07/2026;;;Competitive;22.04.2026
79158/02/12;0;206;;;;Competitive;22.04.2026
79158/02/31;0;290;;;;Competitive;22.04.2026
79177/06/01;0;83;16/07/2026;;;Competitive;22.04.2026
79177/06/30;0;239;;;;Competitive;22.04.2026
79177/06/31;0;84;;;;Competitive;22.04.2026
79177/12/01;0;59;30/07/2026;;;Competitive;22.04.2026
79177/12/30;0;130;;;;Competitive;22.04.2026
79177/12/31;0;11;01/07/2026;;;Competitive;22.04.2026
79182/18/30;0;166;;;;Competitive;22.04.2026
79182/18/31;0;23;30/07/2026;;;Competitive;22.04.2026
79182/24/30;0;49;01/07/2026;;;Competitive;22.04.2026
79182/24/31;0;42;01/07/2026;;;Competitive;22.04.2026
79182/36/30;0;59;;;;Competitive;22.04.2026
79182/36/31;0;16;01/07/2026;;;Competitive;22.04.2026
79185/20/02;0;112;;;;Competitive;22.04.2026
79185/20/30;3;95;;;;Competitive;22.04.2026
79185/20/31;2;83;;;;Competitive;22.04.2026
79185/30/02;0;203;;;;Competitive;22.04.2026
79185/30/30;0;227;;;;Competitive;22.04.2026
79185/30/31;0;69;15/08/2026;;;Competitive;22.04.2026
79185/40/02;0;120;;;;Competitive;22.04.2026
79185/40/30;0;58;30/07/2026;;;Competitive;22.04.2026
79185/40/31;0;65;15/08/2026;;;Competitive;22.04.2026
79185/50/02;0;66;25/08/2026;;;Competitive;22.04.2026
79185/50/30;0;35;;;;Competitive;22.04.2026
79185/50/31;0;93;;;;Competitive;22.04.2026
79185/80/02;0;40;;;;Competitive;22.04.2026
79185/80/30;0;56;;;;Competitive;22.04.2026
79185/80/31;0;58;;;;Competitive;22.04.2026
79187/01/02;0;155;01/07/2026;;;Competitive;22.04.2026
79187/01/30;1;94;16/07/2026;;;Competitive;22.04.2026
79187/01/31;2;70;25/08/2026;;;Competitive;22.04.2026
79190/24/61;0;98;30/07/2026;12/06/2026;;Competitive;22.04.2026
79190/36/61;0;143;;12/06/2026;;Competitive;22.04.2026
79190/45/61;0;500;;;;Competitive;22.04.2026
79198/22/61;4;500;;;;Competitive;22.04.2026
79198/32/61;0;58;;;;Competitive;22.04.2026
79198/42/61;0;37;;12/06/2026;;Competitive;22.04.2026
79199/14/61;0;240;;;;Competitive;22.04.2026
79199/26/61;0;500;;;;Competitive;22.04.2026
79199/32/61;0;155;;;;Competitive;22.04.2026
79200/08/30;0;78;25/08/2026;;;Neutral;22.04.2026
79200/08/31;0;82;25/08/2026;;;Neutral;22.04.2026
79201/09/30;0;86;;;;Competitive;22.04.2026
79201/09/31;0;55;;;;Competitive;22.04.2026
79297/08/12;0;242;;;;Competitive;22.04.2026
79297/12/12;0;140;;;;Competitive;22.04.2026
79581/05/30;0;86;;;;Neutral;22.04.2026
79781/05/30;0;78;;;;Neutral;22.04.2026
79781/10/30;1;56;15/07/2026;;;Neutral;22.04.2026
80102/06/62;31;0;;;Dropped out;;22.04.2026
80104/06/62;31;0;;;Dropped out;;22.04.2026
80105/06/62;31;0;;;Dropped out;;22.04.2026
80147/01/31;0;7;;;;Neutral;22.04.2026
80151/01/70;0;88;;;;Neutral;22.04.2026
80151/01/72;0;67;;;;Neutral;22.04.2026
80171/01/70;0;79;;;;Neutral;22.04.2026
80171/01/72;0;98;;;;Neutral;22.04.2026
81901/25/30;0;7;;;;Competitive;22.04.2026
81901/25/31;0;354;;;;Competitive;22.04.2026
86589/81/35;0;218;;;;Neutral;22.04.2026
91/03413/41;1;0;;;Dropped out;;22.04.2026
91/03707/41;3;0;;;Dropped out;;22.04.2026
91/08408/30;5;0;;;Dropped out;;22.04.2026
91/30793/72;1;0;;;Dropped out;;22.04.2026
91/31459/36;1;0;;;Dropped out;;22.04.2026
91/42502/30;1;0;;;Dropped out;;22.04.2026
91/42702/30;7;0;;;Dropped out;;22.04.2026
91/42702/41;1;0;;;Dropped out;;22.04.2026
91/71536/41;1;0;;;Dropped out;;22.04.2026
91/79185/60;1;0;;;Dropped out;;22.04.2026
91000/00/00;5;0;;;Dropped out;;22.04.2026
92/09205/00;2;0;;;Dropped out;;22.04.2026
92/09400/00;2;0;;;Dropped out;;22.04.2026
92/11870/00;2;0;;;Dropped out;;22.04.2026
92/12561/00;5;0;;;Dropped out;;22.04.2026
92/13702/00;1;0;;;Dropped out;;22.04.2026
92/14893/60;2;0;;;Dropped out;;22.04.2026
92/34351/00;1;0;;;Dropped out;;22.04.2026
92/34438/28;1;0;;;Dropped out;;22.04.2026
92/34728/00;1;0;;;Dropped out;;22.04.2026
92/45194/25;1;0;;;Dropped out;;22.04.2026
92/45474/65;2;0;;;Dropped out;;22.04.2026
92/45494/33;1;0;;;Dropped out;;22.04.2026
92/45561/01;1;0;;;Dropped out;;22.04.2026
92/70184/11;1;0;;;Dropped out;;22.04.2026
93/00001/30;0;141;;;;Competitive;22.04.2026
93/03703/30;1;0;;;Dropped out;;22.04.2026
93/18602/31;1;0;;;Dropped out;;22.04.2026
93/18652/31;2;0;;;Dropped out;;22.04.2026
93/28907/22;1;0;;;Dropped out;;22.04.2026
93/79100/32;2;0;;;Dropped out;;22.04.2026
93/79155/22;2;0;;;Dropped out;;22.04.2026
94/22552/30;0;0;15/07/2026;;;Competitive;22.04.2026
94/22552/31;0;19;08/08/2026;;;Competitive;22.04.2026
94/2312032;1;0;;;Dropped out;;22.04.2026
94/52502/60;0;279;;12/06/2026;;Competitive;22.04.2026
94/79100281;2;0;;;Dropped out;;22.04.2026
94/79100282;5;0;;;Dropped out;;22.04.2026
94/79100283;6;0;;;Dropped out;;22.04.2026
94/7915212;3;0;;;Dropped out;;22.04.2026
